day,clinton,trump,random,election,date_num,date_num2,slope_change,slope_change2
2015-06-17,0.03150847679607597,0.02410135283709107,0.03002628725732557,0,1,1,0,0
2015-06-18,0.03382015117614303,0.02675589749415841,0.03400314382679821,0,2,4,0,0
2015-06-19,0.03537175328642537,0.03619415513509848,0.033367143077211704,0,3,9,0,0
2015-06-20,0.05622590711351067,0.04755171534212186,0.03360473938163744,0,4,16,0,0
2015-06-21,0.03744565483796945,0.04069364440367039,0.03295150727531615,0,5,25,0,0
2015-06-22,0.030418904212505857,0.034167046972069744,0.032471775271704105,0,6,36,0,0
2015-06-23,0.03148328927088154,0.032392851522108114,0.03285866870724748,0,7,49,0,0
2015-06-24,0.03286345889830418,0.031209157937594514,0.032630367930607314,0,8,64,0,0
2015-06-25,0.024884330084366826,0.02767607586787519,0.031979541772707225,0,9,81,0,0
2015-06-26,0.03503410914736423,0.038368535156046636,0.03450084680329126,0,10,100,0,0
2015-06-27,0.03269817284943775,0.03600171647868007,0.03440558113950111,0,11,121,0,0
2015-06-28,0.0348582623398004,0.04175029637159815,0.03459099424909563,0,12,144,0,0
2015-06-29,0.029468666280922443,0.02633330394356935,0.03192959302661346,0,13,169,0,0
2015-06-30,0.027664456790063397,0.03294278389716148,0.03250953411290937,0,14,196,0,0
2015-07-01,0.02359368597586374,0.02978181515696678,0.032294864467200916,0,15,225,0,0
2015-07-02,0.02238752798931155,0.028157113594526238,0.03217334211322722,0,16,256,0,0
2015-07-03,0.031936793538614915,0.028151606495303638,0.03285199597408076,0,17,289,0,0
2015-07-04,0.03479355492261805,0.030421019474555926,0.0333030041450526,0,18,324,0,0
2015-07-05,0.03286812750280885,0.03249626197793888,0.033986467473763146,0,19,361,0,0
2015-07-06,0.029936027711676656,0.030038471517118425,0.03256969384576161,0,20,400,0,0
2015-07-07,0.035044199172158966,0.031845485594094045,0.03320237094936456,0,21,441,0,0
2015-07-08,0.028657646491430506,0.028876540057252893,0.032913264216992734,0,22,484,0,0
2015-07-09,0.034525872188709325,0.029428926210624318,0.03273473346998534,0,23,529,0,0
2015-07-10,0.04132924322837591,0.02773396994818083,0.032529856465117885,0,24,576,0,0
2015-07-11,0.03803666018538966,0.029773191839643,0.033835109445172894,0,25,625,0,0
2015-07-12,0.035291630883076526,0.028009995827470355,0.03278270392616815,0,26,676,0,0
2015-07-13,0.044967731468076096,0.031802663420935434,0.03271603718980299,0,27,729,0,0
2015-07-14,0.037979560481805515,0.02863896809869756,0.032173207602067766,0,28,784,0,0
2015-07-15,0.03399056147355275,0.026855951800084068,0.03416794449932037,0,29,841,0,0
2015-07-16,0.036444072692671185,0.027565934546150996,0.03291922316271511,0,30,900,0,0
2015-07-17,0.02877318129361077,0.02452010014706359,0.0331199430452732,0,31,961,0,0
2015-07-18,0.028451273642997325,0.024718526633677216,0.03290253945007091,0,32,1024,0,0
2015-07-19,0.03508430724640292,0.024163613766834187,0.03373621342061399,0,33,1089,0,0
2015-07-20,0.0315202950851437,0.022765174218852283,0.033111953630073215,0,34,1156,0,0
2015-07-21,0.029285577820684656,0.025044661513643103,0.03344034287477928,0,35,1225,0,0
2015-07-22,0.029312832460501537,0.0237992957512585,0.031922339859164484,0,36,1296,0,0
2015-07-23,0.03215983253461718,0.02589028396608723,0.03275982991947269,0,37,1369,0,0
2015-07-24,0.01992683781137667,0.02579823614437014,0.03301461396456599,0,38,1444,0,0
2015-07-25,0.022339523380896897,0.023946032924131062,0.0333836179012342,0,39,1521,0,0
2015-07-26,0.03098892586294422,0.02464329085864421,0.03333188621245159,0,40,1600,0,0
2015-07-27,0.02535613325093341,0.02601796165590642,0.03282309655536268,0,41,1681,0,0
2015-07-28,0.02572478798263285,0.02566417659344096,0.03234004157015191,0,42,1764,0,0
2015-07-29,0.02385383180248086,0.02544340212484857,0.03203383273669262,0,43,1849,0,0
2015-07-30,0.024683383502483645,0.027751113778924717,0.033210004921382236,0,44,1936,0,0
2015-07-31,0.0329086099919618,0.030324026237988494,0.031663630248018215,0,45,2025,0,0
2015-08-01,0.030113582094997787,0.028957257757207113,0.03345602765588406,0,46,2116,0,0
2015-08-02,0.02587755701845517,0.02537744941744308,0.032798697206005416,0,47,2209,0,0
2015-08-03,0.021694805683492868,0.026565970189790667,0.03295339498112888,0,48,2304,0,0
2015-08-04,0.02710194750494151,0.026337080953714075,0.032547610109012776,0,49,2401,0,0
2015-08-05,0.02168586596442976,0.02760009008086414,0.03267749027362198,0,50,2500,0,0
2015-08-06,0.024928642045511068,0.03087367830939572,0.032742921807639006,0,51,2601,0,0
2015-08-07,0.026860302695117383,0.028480343863107088,0.03268928024461795,0,52,2704,0,0
2015-08-08,0.021954794105521345,0.02723713852441256,0.033622903342258245,0,53,2809,0,0
2015-08-09,0.0294157266798312,0.025963074976357397,0.033817192742424215,0,54,2916,0,0
2015-08-10,0.025104546597842142,0.023978642121549883,0.0332231199175578,0,55,3025,0,0
2015-08-11,0.03564961005003217,0.024535748368287626,0.03297055770268308,0,56,3136,0,0
2015-08-12,0.020850705708240543,0.02527861631290589,0.03324202392656793,0,57,3249,0,0
2015-08-13,0.021150262260354,0.02462800747280446,0.032654111866506186,0,58,3364,0,0
2015-08-14,0.020943793469086085,0.026596517616307862,0.03250885463480225,0,59,3481,0,0
2015-08-15,0.021635247041904337,0.027883398281114437,0.033430988602769315,0,60,3600,0,0
2015-08-16,0.025331611155136744,0.034638144640212636,0.03350145399898344,0,61,3721,0,0
2015-08-17,0.021378750040119788,0.039975077057421066,0.03295826937648939,0,62,3844,0,0
2015-08-18,0.026433364942959302,0.03786928745522357,0.033110333429702835,0,63,3969,0,0
2015-08-19,0.0265378486432589,0.034608089022381265,0.0333766271922902,0,64,4096,0,0
2015-08-20,0.02965390737418874,0.03343005971296071,0.03364548886543523,0,65,4225,0,0
2015-08-21,0.025835514240715438,0.03447448444346704,0.03315020845317387,0,66,4356,0,0
2015-08-22,0.0278158526826958,0.03172008859015038,0.03403948092945162,0,67,4489,0,0
2015-08-23,0.02413166433573669,0.03290580075998145,0.03363753379988098,0,68,4624,0,0
2015-08-24,0.03126278997878566,0.034553889459249934,0.032900116137065484,0,69,4761,0,0
2015-08-25,0.029551956854986263,0.032033212405538615,0.03326133371927525,0,70,4900,0,0
2015-08-26,0.02898477702533888,0.033336738915924306,0.03323123121371798,0,71,5041,0,0
2015-08-27,0.02530889917278569,0.03485213472282003,0.03303318923457433,0,72,5184,0,0
2015-08-28,0.02603867814157228,0.033797416028795636,0.03282027303081485,0,73,5329,0,0
2015-08-29,0.0304397370205883,0.03509385686219533,0.032660274274479935,0,74,5476,0,0
2015-08-30,0.027029953345056864,0.0346392370233827,0.03303120075237117,0,75,5625,0,0
2015-08-31,0.019064849535100528,0.025822701074072228,0.03230909470104757,0,76,5776,0,0
2015-09-01,0.02305004125205617,0.029914770324189363,0.03239757386477926,0,77,5929,0,0
2015-09-02,0.0247758268079622,0.0343700053748903,0.0330092582063039,0,78,6084,0,0
2015-09-03,0.02118542276865731,0.02788957337860093,0.03247823443670824,0,79,6241,0,0
2015-09-04,0.024970241702635242,0.02712074681480849,0.032052565815570165,0,80,6400,0,0
2015-09-05,0.02395989766950886,0.02802370806834849,0.03287465705742304,0,81,6561,0,0
2015-09-06,0.019152495016797787,0.02540177426254672,0.03378138008950367,0,82,6724,0,0
2015-09-07,0.020430457096118217,0.02927498429093623,0.03397476694450819,0,83,6889,0,0
2015-09-08,0.02135720839828816,0.028245306334605636,0.032746656550817606,0,84,7056,0,0
2015-09-09,0.027655590259155042,0.02653535287882373,0.03266324798543204,0,85,7225,0,0
2015-09-10,0.0311084268454678,0.029628562870274683,0.032596705021908715,0,86,7396,0,0
2015-09-11,0.037660254801429385,0.027459269894170496,0.03150820022032371,0,87,7569,0,0
2015-09-12,0.026080453706765042,0.027471186999685912,0.03224960045812044,0,88,7744,0,0
2015-09-13,0.0273635812453678,0.029537362251722963,0.031724069855871805,0,89,7921,0,0
2015-09-14,0.036885041170712236,0.02675314555902662,0.032246658411985006,0,90,8100,0,0
2015-09-15,0.026217996052921,0.027164537777880103,0.03188638268292312,0,91,8281,0,0
2015-09-16,0.036247348303649465,0.027424244399702404,0.032993052029196175,0,92,8464,0,0
2015-09-17,0.02405018172223186,0.030415624474526955,0.033294978360650186,0,93,8649,0,0
2015-09-18,0.02323164246154769,0.028290129296254806,0.032733548040707335,0,94,8836,0,0
2015-09-19,0.030444069134762167,0.027182560982369448,0.032317650404531495,0,95,9025,0,0
2015-09-20,0.02963656273781173,0.027519572170861685,0.031618432426322264,0,96,9216,0,0
2015-09-21,0.02594198130386831,0.029317535520086577,0.03264961097802118,0,97,9409,0,0
2015-09-22,0.019375978770951482,0.028643916552869207,0.03242264478089996,0,98,9604,0,0
2015-09-23,0.021875284807386017,0.025596497203761774,0.03274093700977621,0,99,9801,0,0
2015-09-24,0.03220711133906939,0.02616226098959089,0.03384234340639333,0,100,10000,0,0
2015-09-25,0.026245910561221882,0.020915907593488985,0.031995883367938065,0,101,10201,0,0
2015-09-26,0.02275057735118853,0.024749159093566345,0.03195718080608607,0,102,10404,0,0
2015-09-27,0.020336200175610445,0.025997156527895183,0.032562982298549585,0,103,10609,0,0
2015-09-28,0.022726568429788502,0.024113939398683903,0.03310974612870946,0,104,10816,0,0
2015-09-29,0.02602458951491945,0.022295847796643918,0.03248522400547923,0,105,11025,0,0
2015-09-30,0.018588936584161064,0.025472142544414926,0.03245673194218675,0,106,11236,0,0
2015-10-01,0.0196880838838866,0.033368594600294905,0.032728042682194626,0,107,11449,0,0
2015-10-02,0.02501467474912621,0.02674913004211488,0.03234105053903498,0,108,11664,0,0
2015-10-03,0.02899977335720388,0.02237442626319675,0.032452016430945606,0,109,11881,0,0
2015-10-04,0.026346560612075604,0.026046081225653373,0.032390428430901036,0,110,12100,0,0
2015-10-05,0.0257087271956486,0.02499421346552961,0.033820412207010236,0,111,12321,0,0
2015-10-06,0.025647021531521704,0.026188866328820982,0.03372763454557241,0,112,12544,0,0
2015-10-07,0.0234249544489841,0.027680093944001682,0.033176823537885335,0,113,12769,0,0
2015-10-08,0.02318521207500736,0.024866323437165674,0.03283033538939748,0,114,12996,0,0
2015-10-09,0.029604119657534664,0.03488283385292719,0.032963584962773566,0,115,13225,0,0
2015-10-10,0.02565087286886248,0.041394501425602616,0.03305470373622233,0,116,13456,0,0
2015-10-11,0.019515228983919542,0.0418241735268514,0.032311233303945225,0,117,13689,0,0
2015-10-13,0.037001252655877566,0.03236113337870338,0.0330138432501568,0,119,14161,0,0
2015-10-14,0.04776234105694173,0.03509385686219533,0.03293790223125343,0,120,14400,0,0
2015-10-15,0.041760146341085866,0.033525745600303074,0.03286423383165061,0,121,14641,0,0
2015-10-16,0.030274529627878164,0.030338960876932726,0.03221749525553192,0,122,14884,0,0
2015-10-17,0.03482446869633185,0.031128047530053993,0.03281431015671462,0,123,15129,0,0
2015-10-18,0.029078676617950543,0.031442780296175206,0.03280573752088033,0,124,15376,0,0
2015-10-19,0.02575211115118625,0.03237205753974274,0.033222615283698916,0,125,15625,0,0
2015-10-20,0.02537719876580688,0.02990497946939313,0.033782897517908785,0,126,15876,0,0
2015-10-21,0.025881195164545585,0.02573600024317152,0.03275626876791615,0,127,16129,0,0
2015-10-22,0.015189453004920282,0.02439209418501157,0.03299186337789707,0,128,16384,0,0
2015-10-23,0.016930816214160208,0.02334732119804087,0.032960315401962516,0,129,16641,0,0
2015-10-24,0.019401485419201364,0.0280816100445022,0.03279651993200769,0,130,16900,0,0
2015-10-25,0.018561193785739952,0.028781644305912037,0.032386047221574066,0,131,17161,0,0
2015-10-26,0.02195062166471304,0.0289820427749247,0.033359826930521266,0,132,17424,0,0
2015-10-27,0.022705849477274182,0.02914841285741106,0.032840801114092696,0,133,17689,0,0
2015-10-28,0.027004653466719816,0.027996833010285174,0.032142500608494634,0,134,17956,0,0
2015-10-29,0.025434021396092674,0.027286588194424314,0.0324271397363955,0,135,18225,0,0
2015-10-30,0.02835275675128648,0.032962918186049565,0.033026117817086816,0,136,18496,0,0
2015-10-31,0.02376809978276941,0.029289910849392187,0.032695608426719036,0,137,18769,0,0
2015-11-01,0.02641687539450705,0.0319900700055041,0.032865946024277684,0,138,19044,0,0
2015-11-02,0.0291306910836754,0.028332924885731206,0.03201258244103961,0,139,19321,0,0
2015-11-03,0.02962503263183783,0.02776580617933438,0.03334520613392397,0,140,19600,0,0
2015-11-04,0.027241960222556056,0.032556643737526314,0.03321082110255714,0,141,19881,0,0
2015-11-05,0.03140222209502285,0.02750041986829957,0.03341478168055937,0,142,20164,0,0
2015-11-06,0.027802673601616312,0.030775687420901414,0.03322277783494495,0,143,20449,0,0
2015-11-07,0.030832184017917676,0.024830111846168425,0.03367078985873817,0,144,20736,0,0
2015-11-08,0.025641500362849883,0.023069387096367636,0.0329650008536343,0,145,21025,0,0
2015-11-09,0.025910169841625613,0.02800385951707692,0.03327893173968828,0,146,21316,0,0
2015-11-10,0.02593122622415733,0.028154465281463713,0.03376112334467465,0,147,21609,0,0
2015-11-11,0.021725637103587467,0.030733329382136312,0.033370028052534056,0,148,21904,0,0
2015-11-12,0.03031086896154469,0.04116083185813985,0.0336854950778968,0,149,22201,0,0
2015-11-13,0.026254944384485484,0.032107196398189965,0.03296448638676455,0,150,22500,0,0
2015-11-14,0.03486451973072969,0.03242477184602885,0.03513902436813145,0,151,22801,0,0
2015-11-15,0.04218105710719644,0.032674846331193816,0.03340191189984019,0,152,23104,0,0
2015-11-16,0.0286847314333216,0.030741595819883838,0.033263772590263856,0,153,23409,0,0
2015-11-17,0.02834104449169121,0.028054608275995648,0.03529474115552604,0,154,23716,0,0
2015-11-18,0.02480556393960097,0.03470614708700758,0.033919748976622935,0,155,24025,0,0
2015-11-19,0.03587647594971696,0.04334536115257126,0.034576892378796714,0,156,24336,0,0
2015-11-20,0.03564861076888889,0.036637012054432566,0.032954485907182245,0,157,24649,0,0
2015-11-21,0.034172018870893134,0.03365809624440524,0.032949621546636554,0,158,24964,0,0
2015-11-22,0.028893081022138764,0.03623319818116666,0.033043102560147884,0,159,25281,0,0
2015-11-23,0.026382181090468512,0.03885132458283344,0.03333340278751472,0,160,25600,0,0
2015-11-24,0.02897400975944353,0.034559483738467456,0.03373873332559317,0,161,25921,0,0
2015-11-25,0.02858146413625185,0.02984355702056037,0.03322655303760615,0,162,26244,0,0
2015-11-26,0.04878129718002288,0.029377537768024563,0.031775296796474096,0,163,26569,0,0
2015-11-27,0.04804274661146382,0.02858190863226737,0.03276931995848297,0,164,26896,0,0
2015-11-28,0.03849347841314797,0.0300149576134112,0.033716495698748634,0,165,27225,0,0
2015-11-29,0.037347192845275816,0.031121702726484308,0.03420870481281589,0,166,27556,0,0
2015-11-30,0.026586176362520718,0.03637555413261034,0.03298730549082655,0,167,27889,0,0
2015-12-01,0.029765768684233026,0.033763282579923275,0.03427811057890645,0,168,28224,0,0
2015-12-02,0.02750355177762081,0.03188567586064047,0.034386005785640786,0,169,28561,0,0
2015-12-03,0.032172578361219034,0.03578705680490382,0.034861547405170966,0,170,28900,0,0
2015-12-04,0.027933199437952583,0.03483779460008469,0.032863048416963775,0,171,29241,0,0
2015-12-05,0.029463065373885638,0.03268683833470232,0.03400571392037121,0,172,29584,0,0
2015-12-06,0.034294329097812416,0.031269297808734366,0.033948542139461496,0,173,29929,0,0
2015-12-07,0.03198935708119118,0.03219512456336763,0.03372008634680532,0,174,30276,0,0
2015-12-08,0.028898601429300418,0.035407280010645234,0.033923659059363113,0,175,30625,0,0
2015-12-09,0.025979224989440962,0.03718880812481228,0.0339843031774236,0,176,30976,0,0
2015-12-10,0.03002335762697185,0.0367130201469604,0.03464447496492073,0,177,31329,0,0
2015-12-11,0.031747656305536234,0.03314182974904741,0.03432208124479705,0,178,31684,0,0
2015-12-12,0.03075251898801616,0.0322263470014845,0.03486158375117103,0,179,32041,0,0
2015-12-13,0.028773767471424086,0.026592115290657668,0.03424363295352844,0,180,32400,0,0
2015-12-14,0.030714686013954325,0.02680695995615429,0.03404288941643899,0,181,32761,0,0
2015-12-15,0.028491399849366782,0.027368639793389188,0.034415140145366764,0,182,33124,0,0
2015-12-16,0.03435505387070073,0.03108286021868367,0.03489934608583711,0,183,33489,0,0
2015-12-17,0.03873164793908457,0.031175605474028287,0.0349650322839434,0,184,33856,0,0
2015-12-18,0.028321719190460164,0.030927305121597325,0.03613606304837921,0,185,34225,0,0
2015-12-19,0.029315782859856986,0.029593329740067387,0.03605849234689494,0,186,34596,0,0
2015-12-20,0.05686314472587616,0.03590932504914643,0.03552918236081939,0,187,34969,0,0
2015-12-21,0.04383372479184666,0.03113819454638132,0.035581300838616776,0,188,35344,0,0
2015-12-22,0.03475634037978993,0.029559029858036306,0.035944808048326324,0,189,35721,0,0
2015-12-23,0.03671944546837972,0.030104045186676476,0.03667294142486124,0,190,36100,0,0
2015-12-24,0.03746007063800932,0.03180244069422887,0.03897997732199853,0,191,36481,0,0
2015-12-25,0.03833999912654811,0.03742798852026024,0.044701118198957605,0,192,36864,0,0
2015-12-26,0.03202235155449305,0.03446957889227148,0.038375514925947214,0,193,37249,0,0
2015-12-27,0.028950087275096494,0.029752150302112312,0.035838249563666415,0,194,37636,0,0
2015-12-28,0.03151507505441338,0.027135128465956983,0.03536719822034516,0,195,38025,0,0
2015-12-29,0.029147719488511088,0.03092775877594368,0.03580154290563229,0,196,38416,0,0
2015-12-30,0.03212766233073812,0.02879838522112946,0.035919488771833,0,197,38809,0,0
2015-12-31,0.02897592074939805,0.02880347154648422,0.038809261604028006,0,198,39204,0,0
2016-01-01,0.02629245772198913,0.030780518566785164,0.038942096292391454,0,199,39601,0,0
2016-01-02,0.03762115964804038,0.032545384111187785,0.03613585789186262,0,200,40000,0,0
2016-01-03,0.029111353814080407,0.029295402083189575,0.03484035637239097,0,201,40401,0,0
2016-01-04,0.025224860346511457,0.026612022026742642,0.03504893954051593,0,202,40804,0,0
2016-01-05,0.029193379826557113,0.03146461557359896,0.03440536564254006,0,203,41209,0,0
2016-01-06,0.025029741609476627,0.03074703093260048,0.03507089878179264,0,204,41616,0,0
2016-01-07,0.02328363018025164,0.030439820079204944,0.035362646844310966,0,205,42025,0,0
2016-01-08,0.025028030440627003,0.028448925266397244,0.034504048235806425,0,206,42436,0,0
2016-01-09,0.031556960376514814,0.028829441617956725,0.03492710878328969,0,207,42849,0,0
2016-01-10,0.02949575447343215,0.02819620288048277,0.033397719424444264,0,208,43264,0,0
2016-01-11,0.030226292285576124,0.03031305770263457,0.03332445015875084,0,209,43681,0,0
2016-01-12,0.035128674178534075,0.029623069816216405,0.03302811248742275,0,210,44100,0,0
2016-01-13,0.025825812067431585,0.028688927973888494,0.033396714520848386,0,211,44521,0,0
2016-01-14,0.023691027074589616,0.02814588236603834,0.033385462820117937,0,212,44944,0,0
2016-01-15,0.025113946974542525,0.0269356980204128,0.033510070797747364,0,213,45369,0,0
2016-01-16,0.025839934755650263,0.028283379540985705,0.03441011604864182,0,214,45796,0,0
2016-01-17,0.027600285647821292,0.02724333276252164,0.03249753540611948,0,215,46225,0,0
2016-01-18,0.03703832159324492,0.04227793179634149,0.03366942796700055,0,216,46656,0,0
2016-01-19,0.02706335987708319,0.030546969846289462,0.032835473259866875,0,217,47089,0,0
2016-01-20,0.02387449503930206,0.02813353001472936,0.03325301153023685,0,218,47524,0,0
2016-01-21,0.024196018898386303,0.02780045522341067,0.03283390311600423,0,219,47961,0,0
2016-01-22,0.02214565973231692,0.030807180101464406,0.03292860387938504,0,220,48400,0,0
2016-01-23,0.02197133915306912,0.029391145927876162,0.03331496767368862,0,221,48841,0,0
2016-01-24,0.02427081684358472,0.028646683220057045,0.03258551406921284,0,222,49284,0,0
2016-01-25,0.02398614231087392,0.02822392948823105,0.03276755678954397,0,223,49729,0,0
2016-01-26,0.023770403780716414,0.029646644422668955,0.03294680284669935,0,224,50176,0,0
2016-01-27,0.028423657454710188,0.02960456913676845,0.03280735271477712,0,225,50625,0,0
2016-01-28,0.027786159905263917,0.028275541994485755,0.03255310112378371,0,226,51076,0,0
2016-01-29,0.02123206655984801,0.027963384796248623,0.032825585781528235,0,227,51529,0,0
2016-01-30,0.020436539499723187,0.02677532639697053,0.03340719596202226,0,228,51984,0,0
2016-01-31,0.028476538624144482,0.025363348339385864,0.033174265040921636,0,229,52441,0,0
2016-02-01,0.024427814657546957,0.02485545401982321,0.0323259248530759,0,230,52900,0,0
2016-02-02,0.02206821449180152,0.02012458920341786,0.03170551299992367,0,231,53361,0,0
2016-02-03,0.029151807311545895,0.022537714380508028,0.032431081349329226,0,232,53824,0,0
2016-02-04,0.025884765888170968,0.022313552021766398,0.032436278329060014,0,233,54289,0,0
2016-02-05,0.03444908037811117,0.025970140350786597,0.03261626158984764,0,234,54756,0,0
2016-02-06,0.025990810540318737,0.030349337965475412,0.032659992322980516,0,235,55225,0,0
2016-02-07,0.026799407742496013,0.026402041697734312,0.030779357741664917,0,236,55696,0,0
2016-02-08,0.025635794915049626,0.028149196682751194,0.02699277952867377,0,237,56169,0,0
2016-02-09,0.028369335510497955,0.02681101719340768,0.031924763059550006,0,238,56644,0,0
2016-02-10,0.028503347907063107,0.0241417363928058,0.031665847334345465,0,239,57121,0,0
2016-02-11,0.024862863697083726,0.028109043911579888,0.03222627781358293,0,240,57600,0,0
2016-02-12,0.03281054574365131,0.025926429427528853,0.03201200142065222,0,241,58081,0,0
2016-02-13,0.030390307838591382,0.027012084141472086,0.031835246043536686,0,242,58564,0,0
2016-02-14,0.020056534706500383,0.026047446462703263,0.029649930469422082,0,243,59049,0,0
2016-02-15,0.03143576060895111,0.030032301627478837,0.030936659284741045,0,244,59536,0,0
2016-02-16,0.031149426149110405,0.026705646745248696,0.030290792137041726,0,245,60025,0,0
2016-02-17,0.031748848664150925,0.02266151623154029,0.032248586774324066,0,246,60516,0,0
2016-02-18,0.032126731693178645,0.03284004893753792,0.03208131889207047,0,247,61009,0,0
2016-02-19,0.025240129618480427,0.030910711777633805,0.03198741597303737,0,248,61504,0,0
2016-02-20,0.018470186880386,0.026124719701346624,0.03232699801052389,0,249,62001,0,0
2016-02-21,0.022958699197189358,0.024755692620734418,0.032441509876558604,0,250,62500,0,0
2016-02-22,0.03030635632132079,0.02598171959361077,0.03210701041291827,0,251,63001,0,0
2016-02-23,0.030372457201101714,0.024644237185998823,0.03152463690242905,0,252,63504,0,0
2016-02-24,0.02663014249941744,0.024308522099600247,0.032713012930076266,0,253,64009,0,0
2016-02-25,0.029069154138325663,0.031118905526175012,0.031723014099667934,0,254,64516,0,0
2016-02-26,0.02475798771381062,0.023200600162881863,0.030645046369881895,0,255,65025,0,0
2016-02-27,0.02318712875215148,0.026296043159594343,0.031642195653097574,0,256,65536,0,0
2016-02-28,0.023477503134230627,0.03224163183872359,0.03115287531172358,0,257,66049,0,0
2016-02-29,0.024555080618925737,0.027223980226849957,0.030121670241618426,0,258,66564,0,0
2016-03-01,0.02074957836088663,0.02655263535079776,0.030511335881583317,0,259,67081,0,0
2016-03-02,0.02554155931454881,0.027323801608261374,0.03017743904116088,0,260,67600,0,0
2016-03-03,0.02590694012739141,0.029745819178927286,0.03083388461281395,0,261,68121,0,0
2016-03-04,0.024822547574425504,0.02682133088751053,0.030594887811812643,0,262,68644,0,0
2016-03-05,0.023215226252732576,0.027344676903297102,0.031781572816821216,0,263,69169,0,0
2016-03-06,0.03010369135076405,0.026010742196507352,0.03127921074613235,0,264,69696,0,0
2016-03-07,0.033106214234822705,0.02871857923659805,0.0315840228411564,0,265,70225,0,0
2016-03-08,0.03140796006060809,0.026963018226715336,0.0319580057161778,0,266,70756,0,0
2016-03-09,0.023829393463385192,0.027108639629463974,0.031090358882319983,0,267,71289,0,0
2016-03-10,0.037263074775698124,0.024130920661463474,0.031044664357289007,0,268,71824,0,0
2016-03-11,0.0400477303623331,0.02725102629982322,0.03077894935230784,0,269,72361,0,0
2016-03-12,0.04126404059968127,0.026090553915280416,0.03132907476738197,0,270,72900,0,0
2016-03-13,0.036781127095022084,0.02718084522509073,0.03078795372532077,0,271,73441,0,0
2016-03-14,0.026042158736316514,0.0268992171837478,0.030850653716098707,0,272,73984,0,0
2016-03-15,0.0333297807748079,0.02418683752473293,0.0303311968088384,0,273,74529,0,0
2016-03-16,0.02935850178526578,0.025743615194131108,0.03052363096665282,0,274,75076,0,0
2016-03-17,0.031054664282258858,0.02759341272209114,0.031443745823594986,0,275,75625,0,0
2016-03-18,0.030422767896197536,0.02847818772851295,0.03046702358216938,0,276,76176,0,0
2016-03-19,0.027068915578671644,0.0256417711869178,0.030853852047863707,0,277,76729,0,0
2016-03-20,0.03263127515596701,0.02622797591833133,0.030638740123568008,0,278,77284,0,0
2016-03-21,0.03625069297295217,0.028523805361173094,0.03033309955095865,0,279,77841,0,0
2016-03-22,0.03158919871578026,0.02982142566547997,0.03088875818210128,0,280,78400,0,0
2016-03-23,0.02672738477133133,0.02370075791396055,0.0305911653739812,0,281,78961,0,0
2016-03-24,0.029612082675443307,0.02683105687342586,0.030260176502201412,0,282,79524,0,0
2016-03-25,0.028636945726082344,0.02405248035847309,0.02981368209938154,0,283,80089,0,0
2016-03-26,0.02393155520882043,0.025469296169124415,0.030193340601726664,0,284,80656,0,0
2016-03-27,0.023233174952092223,0.02730202082252653,0.030182687676080813,0,285,81225,0,0
2016-03-28,0.034004921175144635,0.02564505284100596,0.029798872122400007,0,286,81796,0,0
2016-03-29,0.02651728363734285,0.02193796199652507,0.030121919476820094,0,287,82369,0,0
2016-03-30,0.02396682144378539,0.023878385656861758,0.029960536897220436,0,288,82944,0,0
2016-03-31,0.024792960652416617,0.027309990726936587,0.030399115860929412,0,289,83521,0,0
2016-04-01,0.028333412941493868,0.02601381082592425,0.029751715409929963,0,290,84100,0,0
2016-04-02,0.0237337267146809,0.024615940336788985,0.029313362774431174,0,291,84681,0,0
2016-04-03,0.02309706300486253,0.02357347068036872,0.030211447948914862,0,292,85264,0,0
2016-04-04,0.024479928702449458,0.022923616843388783,0.029097347466684933,0,293,85849,0,0
2016-04-05,0.02369389616646779,0.022938432409644157,0.02828279559315655,0,294,86436,0,0
2016-04-06,0.02252645980563502,0.02477445973030861,0.02906868282651645,0,295,87025,0,0
2016-04-07,0.018908693469865002,0.023897045077146392,0.02968134167528545,0,296,87616,0,0
2016-04-08,0.02020777333304035,0.02477826802444261,0.028966175700623074,0,297,88209,0,0
2016-04-09,0.019290774839728967,0.02291452518823689,0.02932675828462958,0,298,88804,0,0
2016-04-10,0.020900366522310285,0.021667914294818087,0.02918503321277905,0,299,89401,0,0
2016-04-11,0.02385779729481471,0.02070380429548661,0.028384325201579887,0,300,90000,0,0
2016-04-12,0.02688688476922754,0.020027149888115613,0.028708105695646188,0,301,90601,0,0
2016-04-13,0.03021750312332925,0.021790681029084828,0.028342652016351912,0,302,91204,0,0
2016-04-14,0.02867684444319912,0.02013353772058477,0.02656158910927973,0,303,91809,0,0
2016-04-15,0.03212567747477029,0.02298567608488981,0.02850107715518238,0,304,92416,0,0
2016-04-16,0.02700091099973977,0.02377799112577956,0.027898004480887702,0,305,93025,0,0
2016-04-17,0.02320608557833993,0.021805514318737496,0.028231628627224125,0,306,93636,0,0
2016-04-18,0.02643311060959432,0.02247608520233152,0.028599905022483014,0,307,94249,0,0
2016-04-19,0.022954778941020524,0.02439765276456184,0.028427809216440586,0,308,94864,0,0
2016-04-20,0.025929040782243926,0.0233990283961143,0.02866916539082731,0,309,95481,0,0
2016-04-21,0.02751141266491581,0.023215483909476343,0.027533950893471888,0,310,96100,0,0
2016-04-22,0.028114249425157625,0.022495539943912863,0.02738154804889908,0,311,96721,0,0
2016-04-23,0.024821745038169443,0.02249640122092434,0.028004152209181364,0,312,97344,0,0
2016-04-24,0.025683928279630355,0.022010380652670403,0.027259007812077903,0,313,97969,0,0
2016-04-25,0.02339415105257784,0.01951793345614515,0.027277164547610543,0,314,98596,0,0
2016-04-26,0.02156012832937137,0.021543807667573675,0.02742860300194233,0,315,99225,0,0
2016-04-27,0.024246280310771345,0.02410521115281215,0.02802904788922744,0,316,99856,0,0
2016-04-28,0.028953940322932532,0.02336611967161508,0.02810470809177956,0,317,100489,0,0
2016-04-29,0.02442638525135716,0.02268918792089513,0.027621610162949173,0,318,101124,0,0
2016-04-30,0.023978083509358192,0.023809516828364026,0.02719713902930353,0,319,101761,0,0
2016-05-01,0.025480275455265367,0.021031374588167912,0.02718752465708793,0,320,102400,0,0
2016-05-02,0.02542024961369144,0.02229674788462275,0.027184232014608997,0,321,103041,0,0
2016-05-03,0.023303279126399404,0.022660920826650062,0.027235956355231482,0,322,103684,0,0
2016-05-04,0.02738362879004772,0.025904257867375886,0.0277051247094228,0,323,104329,0,0
2016-05-05,0.026606688150728662,0.029027378186659764,0.028644553370424906,0,324,104976,0,0
2016-05-06,0.027886644144876942,0.02640680428937381,0.02808619841507649,0,325,105625,0,0
2016-05-07,0.025668988509499502,0.02645726727072888,0.027427352194408672,0,326,106276,0,0
2016-05-08,0.02723234853615934,0.0255074397530026,0.02668614748286946,0,327,106929,0,0
2016-05-09,0.028413523021233605,0.026197893196496267,0.027788746371974614,0,328,107584,0,0
2016-05-10,0.02637232602322513,0.026530552124484044,0.027325581642939373,0,329,108241,0,0
2016-05-11,0.027080125670587308,0.02569245669617541,0.02728358459548681,0,330,108900,0,0
2016-05-12,0.02910672249574273,0.02499150092628068,0.02790667652079283,0,331,109561,0,0
2016-05-13,0.029099592011693782,0.024163784307031876,0.02655606055397653,0,332,110224,0,0
2016-05-14,0.023961800167793763,0.025225305639573658,0.027414416973982697,0,333,110889,0,0
2016-05-15,0.023988103199042737,0.024568920047786377,0.026359353781077986,0,334,111556,0,0
2016-05-16,0.02709089960165131,0.027103063118067962,0.02740195131720688,0,335,112225,0,0
2016-05-17,0.026696309989829897,0.02693073270327596,0.02703177793137277,0,336,112896,0,0
2016-05-18,0.02118727915103698,0.02618733373860981,0.026760107613844272,0,337,113569,0,0
2016-05-19,0.024002054161474908,0.02559438527700003,0.02786989543240509,0,338,114244,0,0
2016-05-20,0.024262097970461825,0.027390386087090688,0.02751004525614575,0,339,114921,0,0
2016-05-21,0.02671887233832293,0.03103400352865323,0.027905440459644274,0,340,115600,0,0
2016-05-22,0.027551218682289758,0.027636142308775497,0.02771751883590393,0,341,116281,0,0
2016-05-23,0.025964906569068226,0.02792832037087685,0.026885218279483918,0,342,116964,0,0
2016-05-24,0.027931844113842984,0.02738602099559117,0.027362642449734784,0,343,117649,0,0
2016-05-25,0.021320918255687518,0.023589296948985983,0.02673272700960125,0,344,118336,0,0
2016-05-26,0.021654452621423195,0.0235385110938124,0.027150523415086444,0,345,119025,0,0
2016-05-27,0.02361341051807421,0.026319050522184532,0.0269168873493609,0,346,119716,0,0
2016-05-28,0.022408650864839955,0.02816228016657547,0.026353482380706058,0,347,120409,0,0
2016-05-29,0.024389876036127103,0.02955420121543895,0.02654927193682247,0,348,121104,0,0
2016-05-30,0.02395909220463582,0.02753666594719159,0.028486659773579937,0,349,121801,0,0
2016-05-31,0.0249829333372456,0.026030371124149847,0.02646157590485369,0,350,122500,0,0
2016-06-01,0.024053580122261758,0.025553664229899336,0.028339562988426138,0,351,123201,0,0
2016-06-02,0.025495208238498948,0.02527368013720381,0.027345005452085812,0,352,123904,0,0
2016-06-03,0.02503310676528538,0.026987102932052642,0.026816997237502048,0,353,124609,0,0
2016-06-04,0.031557699861802735,0.031165629493967086,0.02680746228048347,0,354,125316,0,0
2016-06-05,0.023605800448767127,0.030671177575513187,0.0273719813531054,0,355,126025,0,0
2016-06-06,0.02110070059627581,0.0280860834420508,0.026930995760635276,0,356,126736,0,0
2016-06-07,0.021151215961223425,0.028955188333890675,0.027168147396718315,0,357,127449,0,0
2016-06-08,0.031334699410528716,0.027137875711456042,0.02774450368034835,0,358,128164,0,0
2016-06-09,0.027489252837337663,0.025398621202557158,0.027286196951799947,0,359,128881,0,0
2016-06-10,0.02722748541566488,0.024534982686296208,0.02673287722536916,0,360,129600,0,0
2016-06-11,0.03112559076084886,0.027833617069764758,0.02635561464130517,0,361,130321,0,0
2016-06-12,0.02859320065989928,0.028056405579606758,0.029683914183416663,0,362,131044,0,0
2016-06-13,0.034696843165202614,0.03304944192441802,0.02809573272995387,0,363,131769,0,0
2016-06-14,0.0273913462596443,0.027719655901264142,0.026939404947398937,0,364,132496,0,0
2016-06-15,0.022378256481149196,0.027150246840285545,0.02775764437860965,0,365,133225,0,0
2016-06-16,0.028381117303658342,0.028117457815858185,0.02791242886954131,0,366,133956,0,0
2016-06-17,0.025052841562043182,0.02576285484601729,0.02512400298154943,0,367,134689,0,0
2016-06-18,0.0290663302894793,0.024912822158368625,0.028075913954349642,0,368,135424,0,0
2016-06-19,0.024960356429237846,0.026372655562462485,0.026333924291800013,0,369,136161,0,0
2016-06-20,0.027221098264436742,0.02404609693642801,0.023321751507004232,0,370,136900,0,0
2016-06-21,0.026401041690183976,0.02514713921135253,0.027391312968475308,0,371,137641,0,0
2016-06-22,0.026941101228013718,0.02701814254025345,0.02737395177143269,0,372,138384,0,0
2016-06-23,0.030022243356284888,0.027192992398382392,0.027324091399289943,0,373,139129,0,0
2016-06-24,0.02793221954420547,0.037830011529465225,0.03128047398811501,0,374,139876,0,0
2016-06-25,0.026777508999471924,0.03102065609070804,0.028748519544159024,0,375,140625,0,0
2016-06-26,0.02833577293725781,0.03466931263200578,0.02857255523758298,0,376,141376,0,0
2016-06-27,0.02612165780115052,0.029541388845081368,0.02689162303037927,0,377,142129,0,0
2016-06-28,0.021555861501486903,0.02806527531166193,0.02813509991360047,0,378,142884,0,0
2016-06-29,0.0256731134075918,0.02819560505127248,0.028850716430966306,0,379,143641,0,0
2016-06-30,0.0356409340208204,0.025880520063466063,0.02767072429404475,0,380,144400,0,0
2016-07-01,0.02318633567902021,0.025200243552076253,0.026311535279871283,0,381,145161,0,0
2016-07-02,0.03016738296288997,0.031758126407408244,0.027372642062387226,0,382,145924,0,0
2016-07-03,0.03307291037296997,0.03456946365874159,0.0292008987521192,0,383,146689,0,0
2016-07-04,0.02655696074374671,0.031867109739778084,0.0273893732372471,0,384,147456,0,0
2016-07-05,0.021987197963841448,0.0269886683830827,0.027786175971658642,0,385,148225,0,0
2016-07-06,0.020710934411553958,0.02398019314103018,0.028529355285921824,0,386,148996,0,0
2016-07-07,0.035771697491295634,0.02978368295966268,0.029746112793460493,0,387,149769,0,0
2016-07-08,0.02764214436972686,0.02589377444679401,0.030623913750392705,0,388,150544,0,0
2016-07-09,0.03642016445571841,0.027673911899728624,0.02889949062127278,0,389,151321,0,0
2016-07-10,0.030267641082767013,0.027699744600578603,0.028301864423954312,0,390,152100,0,0
2016-07-11,0.02729597243501419,0.02561123344772234,0.02773498000834486,0,391,152881,0,0
2016-07-12,0.019797911617572262,0.02212543183735857,0.027169033298175462,0,392,153664,0,0
2016-07-13,0.02419173787057261,0.02401649199901464,0.027544726016843258,0,393,154449,0,0
2016-07-14,0.027061113247439948,0.021629376793261428,0.02764447106846973,0,394,155236,0,0
2016-07-15,0.0272121037095039,0.02184089904410376,0.0278368603926784,0,395,156025,0,0
2016-07-16,0.024158083086261314,0.020818234412458368,0.027568296124190574,0,396,156816,0,0
2016-07-17,0.02742598842651773,0.02312366227625813,0.027982739705909025,0,397,157609,0,0
2016-07-18,0.032126989624963354,0.021666553501466315,0.02862269111288577,0,398,158404,0,0
2016-07-19,0.021659879152341664,0.01906444497888292,0.027542388821343237,0,399,159201,0,0
2016-07-20,0.0227286228438594,0.021010780267447682,0.02803909777510294,0,400,160000,0,0
2016-07-21,0.022099417061287933,0.021950402479938392,0.027367232939703896,0,401,160801,0,0
2016-07-22,0.026241891669838605,0.02581260068692311,0.02752892648088765,0,402,161604,0,0
2016-07-23,0.019924922692656884,0.023880039055617638,0.02694087334484868,0,403,162409,0,0
2016-07-24,0.01943628521358149,0.022358587055219543,0.026646124093844183,0,404,163216,0,0
2016-07-25,0.018115728080551955,0.020792813964470684,0.02615532594126297,0,405,164025,0,0
2016-07-26,0.021960006384776902,0.02086440899492496,0.026360150726439352,0,406,164836,0,0
2016-07-27,0.02461159480384665,0.020041126658572026,0.02645670184648737,0,407,165649,0,0
2016-07-28,0.026968100222154987,0.02056969583973809,0.026360990872396437,0,408,166464,0,0
2016-07-29,0.03030192450619808,0.024476542835573902,0.02709575478575401,0,409,167281,0,0
2016-07-30,0.027603755611028583,0.02509159871761935,0.027755920153501742,0,410,168100,0,0
2016-07-31,0.027833977358941303,0.02831489901623986,0.02794911436797593,0,411,168921,0,0
2016-08-01,0.02551322345360928,0.02406281718238492,0.027112029752700877,0,412,169744,0,0
2016-08-02,0.02366565344168024,0.02196704417694925,0.027179710497056205,0,413,170569,0,0
2016-08-03,0.02475346276577873,0.021783137181380845,0.026946454422660755,0,414,171396,0,0
2016-08-04,0.025400738937714832,0.023905830283491008,0.027070537016639317,0,415,172225,0,0
2016-08-05,0.028504686868704807,0.023223235907023063,0.026407979081313943,0,416,173056,0,0
2016-08-06,0.022594582483252263,0.0220296456376616,0.027295855704768827,0,417,173889,0,0
2016-08-08,0.023846056943097448,0.024541664698380757,0.026406036112787096,0,419,175561,0,0
2016-08-09,0.027742658627884626,0.024477556473411304,0.0268975412038863,0,420,176400,0,0
2016-08-10,0.025022079503382026,0.02334977082859821,0.02690501199519631,0,421,177241,0,0
2016-08-11,0.028828061072025832,0.024721756216989486,0.026947255457038823,0,422,178084,0,0
2016-08-12,0.026957106416525888,0.024514609082805575,0.026080671493361112,0,423,178929,0,0
2016-08-13,0.028826370394341026,0.027812521934045323,0.026833668350857445,0,424,179776,0,0
2016-08-14,0.032502160513766136,0.028623054417050337,0.02684296649178564,0,425,180625,0,0
2016-08-15,0.032968491286923515,0.028108039501346768,0.026702943087144448,0,426,181476,0,0
2016-08-16,0.030644427256457395,0.028619784817168037,0.02728535408703691,0,427,182329,0,0
2016-08-17,0.041019553627531964,0.028759132129368824,0.027334258775660508,0,428,183184,0,0
2016-08-18,0.0348479040749237,0.02905067746651012,0.02770871534053263,0,429,184041,0,0
2016-08-19,0.03257566564645545,0.02683486791577773,0.026341527528323385,0,430,184900,0,0
2016-08-20,0.033386768856223784,0.02986963387773708,0.02674672225431177,0,431,185761,0,0
2016-08-21,0.0273916041386072,0.02825933369523418,0.026765791861391355,0,432,186624,0,0
2016-08-22,0.02169261747897271,0.02660703626790137,0.027216653406806426,0,433,187489,0,0
2016-08-23,0.02242551882859115,0.026646558660282225,0.02745776728483831,0,434,188356,0,0
2016-08-24,0.02574280798163112,0.02888543156022052,0.027906025788408416,0,435,189225,0,0
2016-08-25,0.04621263095828045,0.040303735477693205,0.028489075667246736,0,436,190096,0,0
2016-08-26,0.039571279745609436,0.036212139364678486,0.027369582887460563,0,437,190969,0,0
2016-08-27,0.03455465487973878,0.03325295598743698,0.027728736876570674,0,438,191844,0,0
2016-08-28,0.031825699377588126,0.03431671936298787,0.027813628732078845,0,439,192721,0,0
2016-08-29,0.029971125049036342,0.03008880495302137,0.02806354456159673,0,440,193600,0,0
2016-08-30,0.028520274491086305,0.02974171371049275,0.02817744792037284,0,441,194481,0,0
2016-08-31,0.030841724458042005,0.025900751921392625,0.02823274155220312,0,442,195364,0,0
2016-09-01,0.031149356175949362,0.03424033835765207,0.028331779340391293,0,443,196249,0,0
2016-09-02,0.02397348964730213,0.02995049417079466,0.02760503554736091,0,444,197136,0,0
2016-09-03,0.026828564555041224,0.03364339224332651,0.027264076413998323,0,445,198025,0,0
2016-09-04,0.027180696316783024,0.030358208881422714,0.027900218021662503,0,446,198916,0,0
2016-09-05,0.02997247604445138,0.02813498567808729,0.028332209433943024,0,447,199809,0,0
2016-09-06,0.02485233401346402,0.02370601790645592,0.027631527835591998,0,448,200704,0,0
2016-09-07,0.02252247511910181,0.02345997306726685,0.02674060249958593,0,449,201601,0,0
2016-09-08,0.024557242838871854,0.02418393216743834,0.02675111116083089,0,450,202500,0,0
2016-09-09,0.02481737275494244,0.023989679199637518,0.026768960488205904,0,451,203401,0,0
2016-09-10,0.026586424805102832,0.024381663506297637,0.026010161706204453,0,452,204304,0,0
2016-09-11,0.031179673085649638,0.025183924326881442,0.02602252625313918,0,453,205209,0,0
2016-09-12,0.02560050126300716,0.025241199971696198,0.026921813858267942,0,454,206116,0,0
2016-09-13,0.024176043614042696,0.023546843747451456,0.02642843048631809,0,455,207025,0,0
2016-09-14,0.024076328152178656,0.021878069046289233,0.026816460065619042,0,456,207936,0,0
2016-09-15,0.02777603618620146,0.02564424310700612,0.026983593632957187,0,457,208849,0,0
2016-09-16,0.0276737442297983,0.023676056795326212,0.027151600523318192,0,458,209764,0,0
2016-09-17,0.02663482012365596,0.024463765799551868,0.026754179092004237,0,459,210681,0,0
2016-09-18,0.028307161616463714,0.025372075570212704,0.02584428852336246,0,460,211600,0,0
2016-09-19,0.03751615130971781,0.026963644940167928,0.02715983880546003,0,461,212521,0,0
2016-09-20,0.03241396062976308,0.031359515463698334,0.028204807306321893,0,462,213444,0,0
2016-09-21,0.031776368029944234,0.02826878409434162,0.027363464353717476,0,463,214369,0,0
2016-09-22,0.03295465564891385,0.027719323758752683,0.02743360605643296,0,464,215296,0,0
2016-09-23,0.030495774538265377,0.02762046847391291,0.026939994736686467,0,465,216225,0,0
2016-09-24,0.026539241340409175,0.02751102326541416,0.026418243335837758,0,466,217156,0,0
2016-09-25,0.03294388995752748,0.031617181635922975,0.02561191544388847,0,467,218089,0,0
2016-09-26,0.04251430151115562,0.035650915141726434,0.027195013812069097,0,468,219024,0,0
2016-09-27,0.062906581633313155,0.03833423270518228,0.03969237788263397,0,469,219961,0,0
2016-09-28,0.034572043290121916,0.0303889119048656,0.027957768775721942,0,470,220900,0,0
2016-09-29,0.030914692016593893,0.026569967317655898,0.02698800669593901,0,471,221841,0,0
2016-09-30,0.027529673688724044,0.02672354885740989,0.0266767502927579,0,472,222784,0,0
2016-10-01,0.028844388491998538,0.029209946116270487,0.02584988008562917,0,473,223729,0,0
2016-10-02,0.02587679691253857,0.022362224508085605,0.024934574749988902,0,474,224676,0,0
2016-10-03,0.022605607962004,0.02268856588559682,0.026181429484000783,0,475,225625,0,0
2016-10-04,0.02481707268539634,0.023527544001363268,0.02717403930764251,0,476,226576,0,0
2016-10-05,0.021391647676996105,0.021219793083575984,0.02586467923446957,0,477,227529,0,0
2016-10-06,0.025438443668369986,0.02468756929602381,0.026865813206905183,0,478,228484,0,0
2016-10-07,0.02430801027685953,0.025717582084217525,0.02646043265084341,0,479,229441,0,0
2016-10-08,0.026984306359479102,0.02778860405871302,0.02663593127206869,0,480,230400,0,0
2016-10-09,0.030063168488545806,0.028576959392838136,0.02695075544431737,0,481,231361,0,0
2016-10-10,0.051226325537662105,0.035990430170216275,0.03580571339791246,0,482,232324,0,0
2016-10-11,0.024925808430115968,0.02620447487122096,0.0269806597537918,0,483,233289,0,0
2016-10-12,0.02616061480866264,0.025014605252826547,0.026346435509580563,0,484,234256,0,0
2016-10-13,0.02589480936636805,0.02679851657251691,0.02719344190972463,0,485,235225,0,0
2016-10-14,0.026954799719481396,0.029000768579284218,0.026424636977127318,0,486,236196,0,0
2016-10-15,0.024157789674605433,0.025544444676734543,0.026371374797416382,0,487,237169,0,0
2016-10-16,0.023778709120551172,0.024451426324561185,0.025466460350546272,0,488,238144,0,0
2016-10-17,0.01984640859496296,0.020784824909306585,0.026006246110686918,0,489,239121,0,0
2016-10-18,0.021495027757195896,0.019986820060934808,0.026635592314574262,0,490,240100,0,0
2016-10-19,0.029207829162136444,0.021912617056469158,0.027162885774056133,0,491,241081,0,0
2016-10-20,0.057960181661381525,0.03728959829025078,0.03633579467791607,0,492,242064,0,0
2016-10-21,0.030921020759482058,0.025897295730733527,0.026252164004577302,0,493,243049,0,0
2016-10-22,0.02457908612703564,0.023968804126373262,0.026354081638090856,0,494,244036,0,0
2016-10-23,0.024035570543250003,0.02208479801398089,0.024964681952144758,0,495,245025,0,0
2016-10-24,0.021705274494713347,0.024987398493100117,0.02653144760183589,0,496,246016,0,0
2016-10-25,0.023053069978010987,0.023177758499669115,0.02679926936944214,0,497,247009,0,0
2016-10-26,0.02185702137098156,0.021979023934370186,0.02615797057610331,0,498,248004,0,0
2016-10-27,0.023674002482108616,0.01948578093505673,0.026128725836134226,0,499,249001,0,0
2016-10-28,0.01915846176142777,0.019560133733743587,0.025596922940231196,0,500,250000,0,0
2016-10-29,0.018507225300223924,0.01850288815772224,0.024213851926995843,0,501,251001,0,0
2016-10-30,0.02065793546719654,0.020453805437874888,0.024650321319053883,0,502,252004,0,0
2016-10-31,0.019186712517574648,0.018146855768108948,0.02500206999503229,0,503,253009,0,0
2016-11-01,0.02108344824575062,0.016979919644857986,0.025805851176281862,0,504,254016,0,0
2016-11-02,0.023356584669146252,0.02013441842320339,0.02581084202648001,0,505,255025,0,0
2016-11-03,0.021362449189933887,0.01906571204623081,0.023291916026886347,0,506,256036,0,0
2016-11-04,0.02025101016896708,0.019592729921645426,0.02565333717628621,0,507,257049,0,0
2016-11-05,0.02172557678265156,0.019362341402191768,0.02559396940682189,0,508,258064,0,0
2016-11-06,0.020020053376308758,0.019168435733991882,0.02499831142355781,0,509,259081,0,0
2016-11-07,0.026482399097980856,0.023506124386380885,0.026021115651048667,0,510,260100,0,0
2016-11-08,0.02556465958856709,0.019922807696789672,0.025937791255834744,0,511,261121,0,0
2016-11-09,0.030383553969629263,0.032599910316864,0.029799879912857687,1,512,262144,1,1
2016-11-10,0.0269390424608276,0.04063823708774825,0.028672147508341468,1,513,263169,2,4
2016-11-11,0.02242756817672189,0.02821865923130156,0.02736732325570922,1,514,264196,3,9
2016-11-12,0.02407986000995409,0.025925046158593226,0.026786159906996558,1,515,265225,4,16
2016-11-13,0.02359727428394016,0.02574740114409644,0.025780935429610484,1,516,266256,5,25
2016-11-14,0.03154471173021306,0.024692729667960333,0.02731498657695861,1,517,267289,6,36
2016-11-15,0.02506875344696879,0.02356331555460668,0.027255654075200562,1,518,268324,7,49
2016-11-16,0.0199261388591116,0.024603674693445876,0.02689832986702069,1,519,269361,8,64
2016-11-17,0.027214937348055114,0.02448966879870408,0.027359971757059075,1,520,270400,9,81
2016-11-18,0.02631389528572546,0.02433461865811873,0.027062112933822203,1,521,271441,10,100
2016-11-19,0.023370280173294518,0.02396452163859004,0.026601961306952547,1,522,272484,11,121
2016-11-20,0.0208469344408225,0.025531982902823325,0.026594778878145715,1,523,273529,12,144
2016-11-21,0.019141774261232484,0.02867336079897956,0.02677645007747417,1,524,274576,13,169
2016-11-22,0.019865868877368086,0.028235957402714756,0.02867211022537957,1,525,275625,14,196
2016-11-23,0.015897801462106516,0.024972165624917855,0.026515525389249013,1,526,276676,15,225
2016-11-24,0.018120450401460417,0.024998523782932453,0.024741270855092624,1,527,277729,16,256
2016-11-25,0.021659441710132496,0.020324608623173326,0.025958409789691533,1,528,278784,17,289
2016-11-26,0.01887392576153732,0.02697785463453754,0.027204894623637985,1,529,279841,18,324
2016-11-27,0.01968249692978876,0.017073292460488408,0.027033526435774308,1,530,280900,19,361
2016-11-28,0.01834174185093288,0.016172407623181284,0.02668023896707657,1,531,281961,20,400
2016-11-29,0.02999096043447626,0.0231908099233978,0.026977702555339,1,532,283024,21,441
2016-11-30,0.025896385546591908,0.019292781267873583,0.027149773494856227,1,533,284089,22,484
2016-12-01,0.02064078068985821,0.01764614206247644,0.027747447095183047,1,534,285156,23,529
2016-12-02,0.024548739660265727,0.01904346823167235,0.026670628445646275,1,535,286225,24,576
2016-12-03,0.023331053278267015,0.02131097372298801,0.02609883462554395,1,536,287296,25,625
2016-12-04,0.021999019438697597,0.022264847457530774,0.026053350732308557,1,537,288369,26,676
2016-12-05,0.017400545059734575,0.02250646205883284,0.02751593995535366,1,538,289444,27,729
2016-12-06,0.018287669129127524,0.01872243124459648,0.026833333866531608,1,539,290521,28,784
2016-12-07,0.022048522257616124,0.021709338874734963,0.028198913673059094,1,540,291600,29,841
2016-12-08,0.02232818466951868,0.03633244473474448,0.02792336734391977,1,541,292681,30,900
2016-12-09,0.021665284752666828,0.02509393705196646,0.027093443812761627,1,542,293764,31,961
2016-12-10,0.02192857820635654,0.02201052158117365,0.027255494831195208,1,543,294849,32,1024
2016-12-11,0.023041445020591918,0.021302527847781562,0.02636366927967403,1,544,295936,33,1089
2016-12-12,0.02030163428082496,0.02118658565099844,0.026843019900923096,1,545,297025,34,1156
2016-12-13,0.018404894579285062,0.016177540911889658,0.026727508810640392,1,546,298116,35,1225
2016-12-14,0.017465768949169812,0.019094928163229552,0.02808094563723936,1,547,299209,36,1296
2016-12-15,0.01894826749046626,0.02181311967777593,0.027604358920047426,1,548,300304,37,1369
2016-12-16,0.0196641020426084,0.022234495979048103,0.02680462900626706,1,549,301401,38,1444
2016-12-17,0.019828463188027143,0.023361059466553768,0.027300181553027356,1,550,302500,39,1521
2016-12-18,0.021200524794809186,0.024036113530631373,0.0269809194081962,1,551,303601,40,1600
2016-12-19,0.015829656352665755,0.020016850685967515,0.02791741227311244,1,552,304704,41,1681
2016-12-20,0.01577003392035174,0.0222449222107329,0.02802448232309389,1,553,305809,42,1764
2016-12-21,0.021363551784674445,0.021032199922169027,0.028390311601905468,1,554,306916,43,1849
2016-12-22,0.0231659968317548,0.026802080169302637,0.028537659852405407,1,555,308025,44,1936
2016-12-23,0.02703479012711993,0.02670312350178363,0.028415085285571486,1,556,309136,45,2025
2016-12-24,0.02603010743901172,0.029071378114208724,0.03077513927518801,1,557,310249,46,2116
2016-12-25,0.04576019660687359,0.038593732111600436,0.035844758980546565,1,558,311364,47,2209
2016-12-26,0.026788873932549903,0.03156172208127698,0.031212728490335243,1,559,312481,48,2304
2016-12-27,0.021444009566209118,0.02703885076973052,0.028143232773038488,1,560,313600,49,2401
2016-12-28,0.023334054926666268,0.03100648781131585,0.02852792355019825,1,561,314721,50,2500
2016-12-29,0.023896031943709192,0.02696053254525306,0.0278550411737347,1,562,315844,51,2601
2016-12-30,0.02504744682532233,0.02326030712621976,0.028573777475927688,1,563,316969,52,2704
2016-12-31,0.03200691684107471,0.05289649020803483,0.028287526232520774,1,564,318096,53,2809
2017-01-01,0.03174195443000389,0.04015956663966316,0.030500849321573764,1,565,319225,54,2916
2017-01-02,0.028470874117097825,0.02454090353325381,0.027670699803982908,1,566,320356,55,3025
2017-01-03,0.017157611377150186,0.024833580280009183,0.02691115630006001,1,567,321489,56,3136
2017-01-04,0.01885140459606038,0.02098500431752132,0.027364488068081942,1,568,322624,57,3249
2017-01-05,0.02190594209555017,0.0230955135371774,0.027440474616639256,1,569,323761,58,3364
2017-01-06,0.025683003642621,0.01821609493174934,0.02589195105041168,1,570,324900,59,3481
2017-01-07,0.019984200907501838,0.020530021076823973,0.02657862567003815,1,571,326041,60,3600
2017-01-08,0.023476327577921976,0.021257980682938996,0.026310698773409743,1,572,327184,61,3721
2017-01-09,0.018933783725617263,0.02083297305038772,0.026010819986916414,1,573,328329,62,3844
2017-01-10,0.01896361718380328,0.018259691199249847,0.02592289418829494,1,574,329476,63,3969
2017-01-11,0.02283930037923144,0.01709109233439476,0.026185177840970318,1,575,330625,64,4096
2017-01-12,0.01955702182534217,0.01664449126532452,0.026237901401846432,1,576,331776,65,4225
2017-01-13,0.01880065025384523,0.017235018274603497,0.025587332018536062,1,577,332929,66,4356
2017-01-14,0.022614924249147052,0.01688254809682426,0.026838029629713427,1,578,334084,67,4489
2017-01-15,0.02352702202379681,0.020650312455350525,0.02598422070281588,1,579,335241,68,4624
2017-01-16,0.021149497403991385,0.025141921947704125,0.026440185454596254,1,580,336400,69,4761
2017-01-17,0.019706146722070352,0.0208874016494064,0.02685386280241393,1,581,337561,70,4900
2017-01-18,0.028041525886332755,0.01932417552131983,0.02669645018680073,1,582,338724,71,5041
2017-01-19,0.02639239405135964,0.01867171370736157,0.026793033442198872,1,583,339889,72,5184
2017-01-20,0.05687472975441703,0.019942010921701968,0.025572531123568627,1,584,341056,73,5329
2017-01-21,0.02775052411904113,0.01894558870873466,0.02639784403493772,1,585,342225,74,5476
2017-01-22,0.02311891219086727,0.019356877410037908,0.025698391966052225,1,586,343396,75,5625
2017-01-23,0.029508706345548318,0.020467631833987858,0.026810227769107645,1,587,344569,76,5776
2017-01-24,0.027103942352668053,0.019749383033437786,0.027274861723166538,1,588,345744,77,5929
2017-01-25,0.045606993094138994,0.02253008304553442,0.0275962269827524,1,589,346921,78,6084
2017-01-26,0.058464642973930815,0.026360811114581682,0.02767433573527813,1,590,348100,79,6241
2017-01-27,0.03891928075272892,0.02725481981393073,0.02841856113046673,1,591,349281,80,6400
2017-01-28,0.034489119022052636,0.033545484416133295,0.030349918498247256,1,592,350464,81,6561
2017-01-29,0.028511369209566026,0.031498917158449345,0.029531469167296032,1,593,351649,82,6724
2017-01-30,0.02913005117014128,0.027367219182780855,0.028556597083238638,1,594,352836,83,6889
2017-01-31,0.025575267520680654,0.022692444022305285,0.02735311082831077,1,595,354025,84,7056
2017-02-01,0.021769840759195185,0.020026981279107136,0.02604732411553294,1,596,355216,85,7225
2017-02-02,0.02602499424915319,0.026489875965611,0.027449989825581844,1,597,356409,86,7396
2017-02-03,0.03374327323865641,0.023832018917501998,0.027273320949961585,1,598,357604,87,7569
2017-02-04,0.03818722632425815,0.0294635695125457,0.02683051412191274,1,599,358801,88,7744
2017-02-05,0.03878308081955703,0.02488919784763418,0.02574375603566612,1,600,360000,89,7921
2017-02-06,0.013091980379335792,0.02075524191733917,0.022031639610686004,1,601,361201,90,8100
2017-02-07,0.03501327016338605,0.023946216338399315,0.0260479782901582,1,602,362404,91,8281
2017-02-08,0.022527739118379474,0.02163859615528217,0.02612993550145757,1,603,363609,92,8464
2017-02-09,0.023094004197812275,0.020746318027745285,0.026800704992813024,1,604,364816,93,8649
2017-02-10,0.024765368290659485,0.02031024965318684,0.02661684761228517,1,605,366025,94,8836
2017-02-11,0.02395074528340189,0.02454050882116221,0.027157144057091676,1,606,367236,95,9025
2017-02-12,0.032686700721699484,0.022193754353709873,0.026854551790147698,1,607,368449,96,9216
2017-02-13,0.02225303902714011,0.02411901150748289,0.02418507336227033,1,608,369664,97,9409
2017-02-14,0.014874208189289431,0.017323324740100024,0.023392625937625797,1,609,370881,98,9604
2017-02-15,0.016663218065890304,0.01778936755011995,0.025403382892011973,1,610,372100,99,9801
2017-02-16,0.02295484213071541,0.018299135280200524,0.026671262248092697,1,611,373321,100,10000
2017-02-17,0.021864563371809316,0.022042378353808574,0.027206810940294743,1,612,374544,101,10201
2017-02-18,0.03497288962173795,0.021289374766323067,0.02748890363670609,1,613,375769,102,10404
2017-02-19,0.031095949389680112,0.023652065224505848,0.02758156494488756,1,614,376996,103,10609
2017-02-20,0.019183895883993347,0.025167595067393987,0.027319954088009052,1,615,378225,104,10816
2017-02-21,0.018642930304864417,0.02518797833732691,0.02813441492595621,1,616,379456,105,11025
2017-02-22,0.02933995015734695,0.029456359126558862,0.028066371188221452,1,617,380689,106,11236
2017-02-23,0.02303888863704945,0.02575267692387273,0.027126904821391875,1,618,381924,107,11449
2017-02-24,0.022039306015097786,0.02107128350815084,0.02651993704850829,1,619,383161,108,11664
2017-02-25,0.022761274966407646,0.022558014818762427,0.026264502245701125,1,620,384400,109,11881
2017-02-26,0.017616131018312886,0.02295092413566727,0.02694314933043733,1,621,385641,110,12100
2017-02-27,0.023437519719071258,0.024679770915976198,0.02618460948572189,1,622,386884,111,12321
2017-02-28,0.02362630983797992,0.028198973688605713,0.02788236041548625,1,623,388129,112,12544
2017-03-01,0.03351930009097577,0.025159714082474808,0.027436523860219737,1,624,389376,113,12769
2017-03-02,0.01810073762839449,0.019327192841338436,0.02612085435134278,1,625,390625,114,12996
2017-03-03,0.017657173348326127,0.01788773209465056,0.026227239399137004,1,626,391876,115,13225
2017-03-04,0.022928778008176,0.016677916108829502,0.02593869765339295,1,627,393129,116,13456
2017-03-05,0.02219154347471755,0.01608458196547113,0.026670230097908025,1,628,394384,117,13689
2017-03-06,0.017805199215696666,0.018104333898375492,0.027600923314088515,1,629,395641,118,13924
2017-03-07,0.017868690140939746,0.018918788742157026,0.026435909964437804,1,630,396900,119,14161
2017-03-08,0.020346365090607586,0.02183669743036817,0.026362185027145688,1,631,398161,120,14400
2017-03-09,0.025620227389569282,0.01994074535744645,0.02689446030901077,1,632,399424,121,14641
2017-03-10,0.025194560236473176,0.02025418606559487,0.026185583428985082,1,633,400689,122,14884
2017-03-11,0.019972216674167632,0.017769022231810892,0.026421106172045492,1,634,401956,123,15129
2017-03-12,0.017211837331729717,0.019595438285366768,0.026781890299836592,1,635,403225,124,15376
2017-03-13,0.0200670533260818,0.019044701532827727,0.027583988972730053,1,636,404496,125,15625
2017-03-14,0.018524445756186225,0.019606771075848826,NA,1,637,405769,126,15876
2017-03-15,0.018323849316806688,0.01758445663021035,NA,1,638,407044,127,16129
2017-03-16,0.02264930309793344,0.01956494546004405,NA,1,639,408321,128,16384
2017-03-17,0.02042222711992156,0.022407853267554168,NA,1,640,409600,129,16641
2017-03-18,0.03671472966006736,0.025962365704965275,NA,1,641,410881,130,16900
2017-03-19,0.031837463996650155,0.02292916724733835,NA,1,642,412164,131,17161
2017-03-20,0.01876941577602801,0.016512189120307438,NA,1,643,413449,132,17424
2017-03-21,0.01762804602038839,0.017014418818814464,NA,1,644,414736,133,17689
2017-03-22,0.015024525093128925,0.018558041995072598,NA,1,645,416025,134,17956
2017-03-23,0.01550499043840583,0.02156708353700289,NA,1,646,417316,135,18225
2017-03-24,0.0248888300476296,0.01989045223934596,NA,1,647,418609,136,18496
2017-03-25,0.025970936007752268,0.019271168725296498,NA,1,648,419904,137,18769
2017-03-26,0.013609058373656006,0.018369578733985942,NA,1,649,421201,138,19044
2017-03-27,0.01665919750331589,0.02158447041035744,NA,1,650,422500,139,19321
2017-03-28,0.02043570669637468,0.02048817932143959,NA,1,651,423801,140,19600
2017-03-29,0.01774729807136612,0.021480969257134202,NA,1,652,425104,141,19881
2017-03-30,0.01663394291436911,0.018230532417366725,NA,1,653,426409,142,20164
2017-03-31,0.01499456872999171,0.019482076212344816,NA,1,654,427716,143,20449
2017-04-01,0.01634769762696588,0.020059411535390877,NA,1,655,429025,144,20736
2017-04-02,0.01672972013844236,0.01821968639454382,NA,1,656,430336,145,21025
2017-04-03,0.049926600195690014,0.027365517996871702,NA,1,657,431649,146,21316
2017-04-04,0.0391129679817254,0.02158642730855259,NA,1,658,432964,147,21609
2017-04-05,0.02649971104781424,0.021459995873497537,NA,1,659,434281,148,21904
2017-04-06,0.034577146061792866,0.023084905214234633,NA,1,660,435600,149,22201
2017-04-07,0.03713209907828405,0.0238423965666508,NA,1,661,436921,150,22500
2017-04-08,0.03868719448161465,0.02195429977905197,NA,1,662,438244,151,22801
2017-04-09,0.03453354709247527,0.02015063109585685,NA,1,663,439569,152,23104
2017-04-10,0.035489673301476635,0.020402237336563663,NA,1,664,440896,153,23409
2017-04-11,0.023629802310062342,0.02294192762668316,NA,1,665,442225,154,23716
2017-04-12,0.01675915051113493,0.019079327228067672,NA,1,666,443556,155,24025
2017-04-13,0.015611528530468153,0.020463172607946542,NA,1,667,444889,156,24336
2017-04-14,0.038108020647802984,0.021252075902147845,NA,1,668,446224,157,24649
2017-04-15,0.032546766756488515,0.01818974525432085,NA,1,669,447561,158,24964
2017-04-16,0.031186774688275614,0.022211437041880704,NA,1,670,448900,159,25281
2017-04-17,0.020350124097356877,0.020377879258087667,NA,1,671,450241,160,25600
2017-04-18,0.023207518961090357,0.017637162812715396,NA,1,672,451584,161,25921
2017-04-19,0.025833406053026226,0.016334507781665824,NA,1,673,452929,162,26244
2017-04-20,0.025001050959864917,0.022062309584756197,NA,1,674,454276,163,26569
2017-04-21,0.02821307464423078,0.03000948542608835,NA,1,675,455625,164,26896
2017-04-22,0.029280263368670907,0.024850585276456096,NA,1,676,456976,165,27225
2017-04-23,0.02520473594718893,0.02319522513909554,NA,1,677,458329,166,27556
2017-04-24,0.02337387753266179,0.024043917280478447,NA,1,678,459684,167,27889
2017-04-25,0.021150643163863392,0.024551719449272588,NA,1,679,461041,168,28224
2017-04-26,0.01909211991854281,0.021409085889764756,NA,1,680,462400,169,28561
2017-04-27,0.020240934468610288,0.017843675106445713,NA,1,681,463761,170,28900
2017-04-28,0.01926507098440578,0.02131821438264082,NA,1,682,465124,171,29241
2017-04-29,0.018905258414285364,0.02211846796168956,NA,1,683,466489,172,29584
2017-04-30,0.02351443189843296,0.019324306633644157,NA,1,684,467856,173,29929
2017-05-01,0.027481353223158804,0.024787431031183905,NA,1,685,469225,174,30276
2017-05-02,0.03782761291507289,0.025805831554595583,NA,1,686,470596,175,30625
2017-05-03,0.021320039326978714,0.0193787981027934,NA,1,687,471969,176,30976
2017-05-04,0.02511447476545655,0.017197349437080317,NA,1,688,473344,177,31329
2017-05-05,0.031412709916951914,0.019165959745451017,NA,1,689,474721,178,31684
2017-05-06,0.03481239115102547,0.02014362918444424,NA,1,690,476100,179,32041
2017-05-07,0.028643824707443925,0.01836800630035174,NA,1,691,477481,180,32400
2017-05-08,0.02052920365278574,0.015368706457016231,NA,1,692,478864,181,32761
2017-05-09,0.01531004260070131,0.014983495314415644,NA,1,693,480249,182,33124
2017-05-10,0.01179748383596102,0.01324810041560364,NA,1,694,481636,183,33489
2017-05-11,0.014250526301922174,0.017704684006114316,NA,1,695,483025,184,33856
2017-05-12,0.013451025572950252,0.017532485888854622,NA,1,696,484416,185,34225
2017-05-13,0.02221447168784474,0.020321973439394552,NA,1,697,485809,186,34596
2017-05-14,0.032345073770418384,0.01852308800470936,NA,1,698,487204,187,34969
2017-05-15,0.017486630940347143,0.017675527385744856,NA,1,699,488601,188,35344
2017-05-16,0.015687824921954797,0.016931092877381374,NA,1,700,490000,189,35721
2017-05-17,0.02091991989319971,0.017424853783717276,NA,1,701,491401,190,36100
2017-05-18,0.016080211367334462,0.018115589032194096,NA,1,702,492804,191,36481
2017-05-19,0.02268256692884879,0.018239894063140732,NA,1,703,494209,192,36864
2017-05-20,0.03764521084894454,0.018716183544669997,NA,1,704,495616,193,37249
2017-05-21,0.033723538951906995,0.01780593312803486,NA,1,705,497025,194,37636
2017-05-22,0.02531274072000597,0.02066846633516277,NA,1,706,498436,195,38025
2017-05-23,0.022185183700908308,0.03169348861555725,NA,1,707,499849,196,38416
2017-05-24,0.018721196399204745,0.02495776530891496,NA,1,708,501264,197,38809
2017-05-25,0.02008440449769584,0.025032532314976395,NA,1,709,502681,198,39204
2017-05-26,0.026147784655909924,0.030657638986912893,NA,1,710,504100,199,39601
2017-05-27,0.026083952205033675,0.025047793312055425,NA,1,711,505521,200,40000
2017-05-28,0.023786082682142502,0.03111873388627312,NA,1,712,506944,201,40401
2017-05-29,0.02177836375322832,0.03383393100209403,NA,1,713,508369,202,40804
2017-05-30,0.024569528277056843,0.02375771751183323,NA,1,714,509796,203,41209
2017-05-31,0.025930082394345664,0.019681062508818903,NA,1,715,511225,204,41616
2017-06-01,0.014304314935276263,0.02094060056985969,NA,1,716,512656,205,42025
2017-06-02,0.020239015298592542,0.02047068639934356,NA,1,717,514089,206,42436
2017-06-03,0.024380184739491183,0.028875758909822562,NA,1,718,515524,207,42849
2017-06-04,0.02476325123595998,0.04582705411867926,NA,1,719,516961,208,43264
2017-06-05,0.01878579146552053,0.02628736604402231,NA,1,720,518400,209,43681
2017-06-06,0.02680071713084017,0.0229015428255065,NA,1,721,519841,210,44100
2017-06-07,0.03821790262497847,0.017949072100296462,NA,1,722,521284,211,44521
2017-06-08,0.0122937085964323,0.015984303975977988,NA,1,723,522729,212,44944
2017-06-09,0.017348939343530472,0.017656825002753125,NA,1,724,524176,213,45369
2017-06-10,0.02739735878376444,0.021119429380483376,NA,1,725,525625,214,45796
2017-06-11,0.02151536940754035,0.019167860339422062,NA,1,726,527076,215,46225
2017-06-12,0.021182250137874743,0.019081506550481908,NA,1,727,528529,216,46656
2017-06-13,0.014360388134053534,0.01821641173099037,NA,1,728,529984,217,47089
2017-06-14,0.017117309083928816,0.01892438637423948,NA,1,729,531441,218,47524
2017-06-15,0.02226608571356976,0.016586532984271794,NA,1,730,532900,219,47961
