date,unique_users,tweet_count,freq,freq_hate,freq_upd,freq_upd_hate,freq_rt,freq_rt_hate,norm,norm_hate,norm_upd,norm_upd_hate,norm_rt,norm_rt_hate,election,date_num,slope_change,date_num2,slope_change2
2015-06-17,75707,384457,5,0,5,0,1,0,1.300535560543832e-5,0,6.604409103517508e-5,0,2.601071121087664e-6,0,0,3,0,9,0
2015-06-18,74171,361456,1,0,1,0,0,0,2.7665884644327385e-6,0,1.3482358334119805e-5,0,0,0,0,4,0,16,0
2015-06-19,72441,340250,11,0,9,0,0,0,3.2329169728141076e-5,0,1.2423903590508137e-4,0,0,0,0,5,0,25,0
2015-06-20,65711,301898,4,0,4,0,0,0,1.3249508112011341e-5,0,6.08726088478337e-5,0,0,0,0,6,0,36,0
2015-06-21,67140,309833,2,0,2,0,0,0,6.455090322851342e-6,0,2.978850163836759e-5,0,0,0,0,7,0,49,0
2015-06-22,71306,337562,4,0,4,0,0,0,1.1849675022662503e-5,0,5.609626118419207e-5,0,0,0,0,8,0,64,0
2015-06-23,72755,357780,6,0,6,0,0,0,1.677008217340265e-5,0,8.246855886193389e-5,0,0,0,0,9,0,81,0
2015-06-24,73150,356657,2,0,2,0,0,0,5.607628617971889e-6,0,2.734107997265892e-5,0,0,0,0,10,0,100,0
2015-06-25,73588,366612,8,0,8,0,0,0,2.1821435195792828e-5,0,1.0871337718106213e-4,0,0,0,0,11,0,121,0
2015-06-26,77794,415664,4,0,4,0,0,0,9.623157165402826e-6,0,5.141784713474047e-5,0,0,0,0,12,0,144,0
2015-06-27,67997,333343,4,0,4,0,0,0,1.1999652010091708e-5,0,5.8826124681971266e-5,0,0,0,0,13,0,169,0
2015-06-28,64743,318209,5,0,5,0,0,0,1.5712943379979825e-5,0,7.72284262391301e-5,0,0,0,0,14,0,196,0
2015-06-29,71477,392641,11,0,11,0,1,0,2.8015413571175704e-5,0,1.53895658743372e-4,0,2.5468557791977914e-6,0,0,15,0,225,0
2015-06-30,72885,369547,9,0,8,0,0,0,2.4354141692396366e-5,0,1.0976195376277698e-4,0,0,0,0,16,0,256,0
2015-07-01,75121,385414,10,1,10,1,1,0,2.5946125465084298e-5,2.59461254650843e-6,1.3311856870914924e-4,1.3311856870914924e-5,2.59461254650843e-6,0,0,17,0,289,0
2015-07-02,73176,363686,4,0,4,0,0,0,1.0998498704926778e-5,0,5.466273095003826e-5,0,0,0,0,18,0,324,0
2015-07-03,69295,339979,9,0,9,0,1,0,2.6472223284379328e-5,0,1.2987950068547513e-4,0,2.9413581427088144e-6,0,0,19,0,361,0
2015-07-04,67854,322823,10,0,10,0,0,0,3.097672718486601e-5,0,1.4737524685353847e-4,0,0,0,0,20,0,400,0
2015-07-05,65220,311657,6,0,4,0,0,0,1.9251934017204812e-5,0,6.133088009812941e-5,0,0,0,0,21,0,441,0
2015-07-06,72872,366958,3,0,3,0,0,0,8.175322516473276e-6,0,4.1168075529695904e-5,0,0,0,0,22,0,484,0
2015-07-07,73046,372688,2,0,2,0,0,0,5.36641909586571e-6,0,2.738000711880185e-5,0,0,0,0,23,0,529,0
2015-07-08,74004,377516,4,0,3,0,1,0,1.059557740599074e-5,0,4.0538349278417384e-5,0,2.648894351497685e-6,0,0,24,0,576,0
2015-07-09,74386,382108,3,0,3,0,0,0,7.851183435049776e-6,0,4.033016965558035e-5,0,0,0,0,25,0,625,0
2015-07-10,74135,385535,7,0,7,0,2,0,1.8156587599050668e-5,0,9.442233762730155e-5,0,5.18759645687162e-6,0,0,26,0,676,0
2015-07-11,66986,329334,7,1,7,1,0,0,2.1255017702393315e-5,3.0364311003419023e-6,1.0449944764577673e-4,1.4928492520825248e-5,0,0,0,27,0,729,0
2015-07-12,66240,329762,10,0,9,0,0,0,3.032490098919827e-5,0,1.358695652173913e-4,0,0,0,0,28,0,784,0
2015-07-13,73283,381887,9,0,9,0,0,0,2.3567180867638856e-5,0,1.2281156612038263e-4,0,0,0,0,29,0,841,0
2015-07-14,74881,391650,4,0,4,0,0,0,1.021320056172603e-5,0,5.341809003619076e-5,0,0,0,0,30,0,900,0
2015-07-15,75026,396257,9,0,8,0,0,0,2.2712532523084767e-5,0,1.0662970170340949e-4,0,0,0,0,31,0,961,0
2015-07-16,74921,385391,9,0,9,0,1,0,2.3352906528694236e-5,0,1.2012653328172342e-4,0,2.594767392077137e-6,0,0,32,0,1024,0
2015-07-17,73605,376874,7,0,7,0,0,0,1.857384696211466e-5,0,9.51022349025202e-5,0,0,0,0,33,0,1089,0
2015-07-18,66378,330487,5,0,5,0,0,0,1.5129188137506164e-5,0,7.532616228268403e-5,0,0,0,0,34,0,1156,0
2015-07-19,65472,329376,6,0,6,0,0,0,1.8216263480034977e-5,0,9.164222873900293e-5,0,0,0,0,35,0,1225,0
2015-07-20,73176,376020,2,0,2,0,0,0,5.318866017765012e-6,0,2.733136547501913e-5,0,0,0,0,36,0,1296,0
2015-07-21,73809,379020,5,1,5,1,0,0,1.319191599387895e-5,2.63838319877579e-6,6.774241623650233e-5,1.3548483247300465e-5,0,0,0,37,0,1369,0
2015-07-22,75514,402980,12,0,11,0,0,0,2.9778152761923667e-5,0,1.4566835288820615e-4,0,0,0,0,38,0,1444,0
2015-07-23,76065,414875,7,0,7,0,2,0,1.687255197348599e-5,0,9.202655623479919e-5,0,4.820729135281711e-6,0,0,39,0,1521,0
2015-07-24,73515,373341,4,0,4,0,0,0,1.0714065693293798e-5,0,5.441066449024009e-5,0,0,0,0,40,0,1600,0
2015-07-25,67304,338098,10,1,10,1,0,0,2.957722317197972e-5,2.9577223171979724e-6,1.4857957922263164e-4,1.4857957922263164e-5,0,0,0,41,0,1681,0
2015-07-26,66247,342922,6,1,5,1,0,0,1.7496690209435382e-5,2.916115034905897e-6,7.547511585430284e-5,1.5095023170860567e-5,0,0,0,42,0,1764,0
2015-07-27,73271,384423,10,0,10,0,0,0,2.601301170845657e-5,0,1.364796440610883e-4,0,0,0,0,43,0,1849,0
2015-07-28,74902,398091,3,0,3,0,1,0,7.535965394846907e-6,0,4.005233505113348e-5,0,2.511988464948969e-6,0,0,44,0,1936,0
2015-07-29,76355,412661,4,0,4,0,0,0,9.693186416937874e-6,0,5.2386877087289634e-5,0,0,0,0,45,0,2025,0
2015-07-30,75137,392540,7,0,7,0,1,0,1.7832577571712436e-5,0,9.316315530297988e-5,0,2.5475110816732053e-6,0,0,46,0,2116,0
2015-07-31,75372,408683,7,0,6,0,1,0,1.7128189819493348e-5,0,7.960515841426525e-5,0,2.4468842599276214e-6,0,0,47,0,2209,0
2015-08-01,68004,344517,10,0,9,0,2,0,2.902614384776368e-5,0,1.3234515616728428e-4,0,5.805228769552736e-6,0,0,48,0,2304,0
2015-08-02,66832,342147,3,0,3,0,0,0,8.768161053582232e-6,0,4.4888676083313385e-5,0,0,0,0,49,0,2401,0
2015-08-03,72247,370507,7,0,7,0,0,0,1.889303036109979e-5,0,9.688983625617673e-5,0,0,0,0,50,0,2500,0
2015-08-04,74365,396618,4,0,4,0,0,0,1.0085270966017679e-5,0,5.378874470517044e-5,0,0,0,0,51,0,2601,0
2015-08-05,74949,390594,9,0,8,0,0,0,2.304182859951766e-5,0,1.067392493562289e-4,0,0,0,0,52,0,2704,0
2015-08-06,75483,402169,3,1,3,1,0,0,7.459550586942305e-6,2.4865168623141016e-6,3.974404832876277e-5,1.324801610958759e-5,0,0,0,53,0,2809,0
2015-08-07,76189,415617,3,1,3,1,0,0,7.218184049256888e-6,2.406061349752296e-6,3.937576290540629e-5,1.3125254301802097e-5,0,0,0,54,0,2916,0
2015-08-08,68207,341972,8,0,7,0,0,0,2.339372814148527e-5,0,1.0262876244373745e-4,0,0,0,0,55,0,3025,0
2015-08-09,66631,342516,9,0,6,0,0,0,2.627614476404022e-5,0,9.004817577403911e-5,0,0,0,0,56,0,3136,0
2015-08-10,73452,392510,4,0,4,0,1,0,1.019082316374105e-5,0,5.445733267984534e-5,0,2.5477057909352627e-6,0,0,57,0,3249,0
2015-08-11,75579,406674,10,0,10,0,0,0,2.4589720513236647e-5,0,1.3231188557668135e-4,0,0,0,0,58,0,3364,0
2015-08-12,76245,411389,12,0,12,0,1,0,2.9169472202708387e-5,0,1.573873696635845e-4,0,2.430789350225699e-6,0,0,59,0,3481,0
2015-08-13,75721,398645,15,6,14,6,0,0,3.762746303101757e-5,1.505098521240703e-5,1.8488926453691842e-4,7.92382562301079e-5,0,0,0,60,0,3600,0
2015-08-14,75315,393530,3,2,3,2,0,0,7.62330699057251e-6,5.082204660381674e-6,3.983270264887473e-5,2.6555135099249817e-5,0,0,0,61,0,3721,0
2015-08-15,68575,356304,4,0,4,0,2,0,1.1226368494319457e-5,0,5.833029529711994e-5,0,5.613184247159728e-6,0,0,62,0,3844,0
2015-08-16,67558,360106,5,0,5,0,0,0,1.3884800586493978e-5,0,7.401047988395156e-5,0,0,0,0,63,0,3969,0
2015-08-17,73960,404542,13,0,8,0,3,0,3.2135105872814194e-5,0,1.0816657652785289e-4,0,7.415793662957122e-6,0,0,64,0,4096,0
2015-08-18,75009,405745,5,1,5,1,0,0,1.2323010757988391e-5,2.4646021515976783e-6,6.665866762655148e-5,1.3331733525310296e-5,0,0,0,65,0,4225,0
2015-08-19,75855,410715,10,3,9,2,1,0,2.4347783742984793e-5,7.304335122895438e-6,1.1864741941862764e-4,2.6366093204139476e-5,2.4347783742984797e-6,0,0,66,0,4356,0
2015-08-20,75903,403736,18,0,13,0,1,0,4.458358927616066e-5,0,1.7127122775120878e-4,0,2.4768660708978146e-6,0,0,67,0,4489,0
2015-08-21,76033,407306,9,0,9,0,1,0,2.2096409088007542e-5,0,1.1836965528125945e-4,0,2.4551565653341715e-6,0,0,68,0,4624,0
2015-08-22,69466,377091,5,1,5,1,0,0,1.3259398924927935e-5,2.651879784985587e-6,7.197765813491493e-5,1.4395531626982984e-5,0,0,0,69,0,4761,0
2015-08-23,69088,382018,2,0,2,0,0,0,5.235355402101472e-6,0,2.8948587308939323e-5,0,0,0,0,70,0,4900,0
2015-08-24,76123,417270,11,0,11,0,0,0,2.636182807295037e-5,0,1.445029754476308e-4,0,0,0,0,71,0,5041,0
2015-08-25,76370,415855,6,0,5,0,0,0,1.4428105950391362e-5,0,6.547073458164201e-5,0,0,0,0,72,0,5184,0
2015-08-26,78172,420475,7,0,7,0,0,0,1.6647838753790355e-5,0,8.954612904876427e-5,0,0,0,0,73,0,5329,0
2015-08-27,77280,405243,10,0,10,0,0,0,2.4676552093435295e-5,0,1.2939958592132506e-4,0,0,0,0,74,0,5476,0
2015-08-28,76394,401468,7,0,6,0,0,0,1.7436009843872988e-5,0,7.854019949210672e-5,0,0,0,0,75,0,5625,0
2015-08-29,70990,381359,6,0,6,0,0,0,1.5733206768425552e-5,0,8.451894633046909e-5,0,0,0,0,76,0,5776,0
2015-08-30,69916,535055,18,0,8,0,3,0,3.364140135126295e-5,0,1.1442302191200869e-4,0,5.606900225210493e-6,0,0,77,0,5929,0
2015-08-31,78705,503571,16,1,14,1,2,1,3.17730766863064e-5,1.98581729289415e-6,1.7787942316244203e-4,1.2705673083031574e-5,3.9716345857883e-6,1.98581729289415e-6,0,78,0,6084,0
2015-09-01,77495,414857,3,0,3,0,0,0,7.231407448831766e-6,0,3.87121749790309e-5,0,0,0,0,79,0,6241,0
2015-09-02,76905,400356,10,3,9,2,0,0,2.4977769784891448e-5,7.493330935467434e-6,1.1702750146284377e-4,2.6006111436187505e-5,0,0,0,80,0,6400,0
2015-09-03,77939,403652,6,0,5,0,0,0,1.4864289041055166e-5,0,6.415273483108585e-5,0,0,0,0,81,0,6561,0
2015-09-04,76909,392942,3,1,3,1,0,0,7.634714538023424e-6,2.544904846007808e-6,3.900713830631006e-5,1.3002379435436686e-5,0,0,0,82,0,6724,0
2015-09-05,71022,370829,3,1,3,1,0,0,8.089982175072608e-6,2.6966607250242024e-6,4.224043254202923e-5,1.408014418067641e-5,0,0,0,83,0,6889,0
2015-09-06,68270,362741,3,0,3,0,1,0,8.27036370302778e-6,0,4.394316683755676e-5,0,2.7567879010092603e-6,0,0,84,0,7056,0
2015-09-07,71475,378834,6,0,6,0,0,0,1.583807155640729e-5,0,8.394543546694649e-5,0,0,0,0,85,0,7225,0
2015-09-08,76834,409266,6,0,6,0,0,0,1.4660392018882585e-5,0,7.809042871645365e-5,0,0,0,0,86,0,7396,0
2015-09-09,77782,414138,5,1,5,1,1,0,1.2073270262569481e-5,2.4146540525138963e-6,6.42822246792317e-5,1.285644493584634e-5,2.4146540525138963e-6,0,0,87,0,7569,0
2015-09-10,77285,398812,6,0,5,0,0,0,1.5044682707641696e-5,0,6.469560716827328e-5,0,0,0,0,88,0,7744,0
2015-09-11,78686,404114,5,0,5,0,0,0,1.2372746304260679e-5,0,6.354370536054699e-5,0,0,0,0,89,0,7921,0
2015-09-12,71680,381266,5,0,5,0,0,0,1.3114203731777813e-5,0,6.975446428571428e-5,0,0,0,0,90,0,8100,0
2015-09-13,72103,403665,5,2,4,1,0,0,1.2386508614816741e-5,4.954603445926697e-6,5.547619377834487e-5,1.3869048444586217e-5,0,0,0,91,0,8281,0
2015-09-14,76166,417664,4,0,4,0,1,0,9.577076310144039e-6,0,5.2516871044823146e-5,0,2.3942690775360097e-6,0,0,92,0,8464,0
2015-09-15,76965,416688,6,1,6,1,0,0,1.4399262757746803e-5,2.399877126291134e-6,7.795751315533035e-5,1.2992918859221724e-5,0,0,0,93,0,8649,0
2015-09-16,77312,406805,8,2,8,2,0,0,1.9665441673529085e-5,4.916360418382271e-6,1.0347682119205298e-4,2.5869205298013245e-5,0,0,0,94,0,8836,0
2015-09-17,78235,422025,6,1,6,1,0,0,1.4217167229429536e-5,2.369527871571589e-6,7.669201763916406e-5,1.2782002939860676e-5,0,0,0,95,0,9025,0
2015-09-18,76409,394272,9,1,9,1,0,0,2.2826880934989044e-5,2.5363201038876714e-6,1.1778717166825897e-4,1.3087463518695442e-5,0,0,0,96,0,9216,0
2015-09-19,70980,383780,5,0,5,0,0,0,1.3028297462087654e-5,0,7.044237813468582e-5,0,0,0,0,97,0,9409,0
2015-09-20,70898,410565,6,1,5,1,0,0,1.4614007526213876e-5,2.435667921035646e-6,7.05238511664645e-5,1.41047702332929e-5,0,0,0,98,0,9604,0
2015-09-21,75395,405159,7,0,5,0,0,0,1.727716772921248e-5,0,6.631739505272233e-5,0,0,0,0,99,0,9801,0
2015-09-22,76608,411547,9,1,9,1,1,0,2.1868705153967835e-5,2.4298561282186483e-6,1.1748120300751879e-4,1.3053467000835421e-5,2.4298561282186483e-6,0,0,100,0,10000,0
2015-09-23,77872,419716,80,0,31,0,4,0,1.9060507581316892e-4,0,3.980891719745223e-4,0,9.530253790658445e-6,0,0,101,0,10201,0
2015-09-24,77181,413007,6,1,5,1,0,0,1.4527598805831378e-5,2.421266467638563e-6,6.478278332750288e-5,1.2956556665500577e-5,0,0,0,102,0,10404,0
2015-09-25,76357,399774,5,0,5,0,2,0,1.2507066492568302e-5,0,6.548188116348207e-5,0,5.002826597027321e-6,0,0,103,0,10609,0
2015-09-26,70430,387147,5,0,5,0,0,0,1.2914990946591347e-5,0,7.099247479767145e-5,0,0,0,0,104,0,10816,0
2015-09-27,70131,384551,5,0,5,0,0,0,1.3002176564356874e-5,0,7.129514765225079e-5,0,0,0,0,105,0,11025,0
2015-09-28,76185,402308,7,0,7,0,0,0,1.7399604283285442e-5,0,9.18816039902868e-5,0,0,0,0,106,0,11236,0
2015-09-29,76524,402049,6,0,6,0,0,0,1.4923554094152703e-5,0,7.840677434530344e-5,0,0,0,0,107,0,11449,0
2015-09-30,76397,400108,63,0,18,0,3,0,1.5745748647865077e-4,0,2.356113459952616e-4,0,7.4979755466024175e-6,0,0,108,0,11664,0
2015-10-01,77783,441399,8,1,8,1,0,0,1.81241914911452e-5,2.26552393639315e-6,1.0285023719835954e-4,1.2856279649794942e-5,0,0,0,109,0,11881,0
2015-10-02,76312,403502,6,0,6,0,0,0,1.4869814771673994e-5,0,7.862459377293217e-5,0,0,0,0,110,0,12100,0
2015-10-03,70569,381133,2,0,2,0,0,0,5.247512023361924e-6,0,2.8341056271167225e-5,0,0,0,0,111,0,12321,0
2015-10-04,70117,390200,8,0,8,0,0,0,2.0502306509482317e-5,0,1.1409501262176077e-4,0,0,0,0,112,0,12544,0
2015-10-05,74929,401886,8,0,8,0,1,0,1.9906142537933644e-5,0,1.0676774012732053e-4,0,2.4882678172417055e-6,0,0,113,0,12769,0
2015-10-06,76044,405564,10,0,10,0,0,0,2.4657020840114015e-5,0,1.3150281416022302e-4,0,0,0,0,114,0,12996,0
2015-10-07,77046,410087,41,0,17,0,5,0,9.997878498952661e-5,0,2.2064740544609714e-4,0,1.219253475482032e-5,0,0,115,0,13225,0
2015-10-08,77836,422457,11,0,7,0,0,0,2.603815299545279e-5,0,8.993267896603114e-5,0,0,0,0,116,0,13456,0
2015-10-09,76161,402349,9,0,7,0,0,0,2.2368640160656543e-5,0,9.191055789708643e-5,0,0,0,0,117,0,13689,0
2015-10-10,69918,366831,10,1,8,1,0,0,2.726050960796661e-5,2.726050960796661e-6,1.1441974884865128e-4,1.430246860608141e-5,0,0,0,118,0,13924,0
2015-10-11,70017,393384,10,0,10,0,3,0,2.5420454314359506e-5,0,1.428224574032021e-4,0,7.626136294307852e-6,0,0,119,0,14161,0
2015-10-12,74965,412437,17,1,11,1,3,0,4.121841638844236e-5,2.4246127287319034e-6,1.467351430667645e-4,1.3339558460614953e-5,7.27383818619571e-6,0,0,120,0,14400,0
2015-10-13,76391,422997,9,0,9,0,0,0,2.1276746643593216e-5,0,1.1781492584204945e-4,0,0,0,0,121,0,14641,0
2015-10-14,79669,457653,59,0,23,0,9,0,1.289186348609099e-4,0,2.8869447338362476e-4,0,1.966555447030829e-5,0,0,122,0,14884,0
2015-10-15,76798,410130,6,0,6,0,0,0,1.462950771706532e-5,0,7.812703455819161e-5,0,0,0,0,123,0,15129,0
2015-10-16,75707,405433,7,0,7,0,2,0,1.7265491462214473e-5,0,9.246172744924511e-5,0,4.932997560632706e-6,0,0,124,0,15376,0
2015-10-17,69903,380018,5,0,4,0,1,0,1.31572714976659e-5,0,5.722215069453385e-5,0,2.63145429953318e-6,0,0,125,0,15625,0
2015-10-18,69753,395940,15,1,14,1,0,0,3.788452795878163e-5,2.525635197252109e-6,2.007082132668129e-4,1.4336300947629492e-5,0,0,0,126,0,15876,0
2015-10-19,75664,416581,5,0,4,0,1,0,1.2002467707360633e-5,0,5.286529921759357e-5,0,2.4004935414721267e-6,0,0,127,0,16129,0
2015-10-20,77237,436007,7,0,5,0,2,0,1.605478811120005e-5,0,6.473581314654894e-5,0,4.587082317485728e-6,0,0,128,0,16384,0
2015-10-21,78222,431826,6,0,6,0,0,0,1.3894485278792847e-5,0,7.670476336580502e-5,0,0,0,0,129,0,16641,0
2015-10-22,76962,426970,11,2,10,2,2,1,2.5762934163992785e-5,4.684169847998689e-6,1.2993425326784648e-4,2.5986850653569294e-5,4.684169847998689e-6,2.3420849239993443e-6,0,130,0,16900,0
2015-10-23,76355,426863,2,0,2,0,0,0,4.68534400967055e-6,0,2.6193438543644817e-5,0,0,0,0,131,0,17161,0
2015-10-24,71811,441599,2,0,2,0,0,0,4.528995763124463e-6,0,2.785088635445823e-5,0,0,0,0,132,0,17424,0
2015-10-25,70534,442204,8,0,6,0,1,0,1.8091197727745564e-5,0,8.506535855048628e-5,0,2.2613997159681955e-6,0,0,133,0,17689,0
2015-10-26,75652,432581,3,0,3,0,0,0,6.9351173537441545e-6,0,3.9655263575318566e-5,0,0,0,0,134,0,17956,0
2015-10-27,76599,436910,8,0,8,0,0,0,1.8310407177679614e-5,0,1.0444000574420032e-4,0,0,0,0,135,0,18225,0
2015-10-28,78405,454203,10,0,9,0,1,0,2.2016587296869462e-5,0,1.1478859766596518e-4,0,2.201658729686946e-6,0,0,136,0,18496,0
2015-10-29,77630,446241,8,1,7,1,0,0,1.792753243202664e-5,2.24094155400333e-6,9.017132551848512e-5,1.2881617931212161e-5,0,0,0,137,0,18769,0
2015-10-30,76332,427634,2,0,2,0,0,0,4.676896598493104e-6,0,2.6201331027616202e-5,0,0,0,0,138,0,19044,0
2015-10-31,72001,410792,6,1,6,1,0,0,1.4605931955831661e-5,2.43432199263861e-6,8.33321759420008e-5,1.3888695990333467e-5,0,0,0,139,0,19321,0
2015-11-01,70642,411445,9,2,4,1,4,2,2.1874126553974407e-5,4.860917011994313e-6,5.662353840491492e-5,1.415588460122873e-5,9.721834023988626e-6,4.860917011994313e-6,0,140,0,19600,0
2015-11-02,76719,465698,6,0,6,0,1,0,1.2883886123625182e-5,0,7.820748445626246e-5,0,2.1473143539375304e-6,0,0,141,0,19881,0
2015-11-03,77621,470788,9,1,9,1,0,0,1.9116884882367434e-5,2.124098320263048e-6,1.1594800376186857e-4,1.2883111529096507e-5,0,0,0,142,0,20164,0
2015-11-04,77590,461334,63,0,13,0,3,0,1.3656049629986083e-4,0,1.6754736435107618e-4,0,6.502880776183849e-6,0,0,143,0,20449,0
2015-11-05,78005,458846,17,2,17,2,2,1,3.7049467577357106e-5,4.358760891453778e-6,2.1793474777257867e-4,2.563938209089161e-5,4.358760891453778e-6,2.179380445726889e-6,0,144,0,20736,0
2015-11-06,77219,445967,13,1,13,1,0,0,2.9150138911623507e-5,2.2423183778171926e-6,1.683523485152618e-4,1.2950180655020138e-5,0,0,0,145,0,21025,0
2015-11-07,70947,421997,3,0,2,0,1,0,7.109055277644154e-6,0,2.8190057366766742e-5,0,2.369685092548051e-6,0,0,146,0,21316,0
2015-11-08,71290,453526,3,0,3,0,0,0,6.614835753628238e-6,0,4.20816383784542e-5,0,0,0,0,147,0,21609,0
2015-11-09,76318,459866,10,0,9,0,1,0,2.1745464983277738e-5,0,1.1792761864828744e-4,0,2.174546498327774e-6,0,0,148,0,21904,0
2015-11-10,77439,459076,9,0,8,0,0,0,1.9604597060181756e-5,0,1.0330711915184855e-4,0,0,0,0,149,0,22201,0
2015-11-11,79013,480975,43,0,41,0,0,0,8.940173605696762e-5,0,5.18901952843203e-4,0,0,0,0,150,0,22500,0
2015-11-12,77815,475230,12,0,12,0,1,0,2.5250931128085348e-5,0,1.5421191287026922e-4,0,2.104244260673779e-6,0,0,151,0,22801,0
2015-11-13,78953,491097,7,0,6,0,1,0,1.4253803220137773e-5,0,7.599457905336086e-5,0,2.036257602876825e-6,0,0,152,0,23104,0
2015-11-14,77081,486762,10,0,8,0,0,0,2.0543920848381755e-5,0,1.0378692544206743e-4,0,0,0,0,153,0,23409,0
2015-11-15,72722,480113,16,5,15,5,0,0,3.332548795804321e-5,1.0414214986888503e-5,2.0626495420918018e-4,6.875498473639339e-5,0,0,0,154,0,23716,0
2015-11-16,77230,487360,5,0,5,0,0,0,1.025935653315824e-5,0,6.474168069403081e-5,0,0,0,0,155,0,24025,0
2015-11-17,78846,543228,9,0,9,0,0,0,1.6567629061830393e-5,0,1.1414656418841792e-4,0,0,0,0,156,0,24336,0
2015-11-18,80078,506692,36,2,18,2,5,0,7.104907912499112e-5,3.947171062499507e-6,2.2478083868228478e-4,2.4975648742476084e-5,9.867927656248767e-6,0,0,157,0,24649,0
2015-11-19,78115,487730,17,3,15,2,1,0,3.4855350296270476e-5,6.150944169930084e-6,1.9202457914613071e-4,2.5603277219484095e-5,2.0503147233100283e-6,0,0,158,0,24964,0
2015-11-20,77747,486457,7,0,7,0,1,0,1.4389761068295862e-5,0,9.003562838437496e-5,0,2.0556801526136945e-6,0,0,159,0,25281,0
2015-11-21,72493,462761,8,1,8,1,2,0,1.7287541517111424e-5,2.160942689638928e-6,1.1035548259831984e-4,1.379443532478998e-5,4.321885379277856e-6,0,0,160,0,25600,0
2015-11-22,71346,472255,13,1,10,1,0,0,2.752750103228129e-5,2.117500079406253e-6,1.401620273035629e-4,1.4016202730356292e-5,0,0,0,161,0,25921,0
2015-11-23,77169,526919,26,1,25,1,1,0,4.934344747484908e-5,1.8978249028788106e-6,3.2396428617709183e-4,1.2958571447083673e-5,1.8978249028788106e-6,0,0,162,0,26244,0
2015-11-24,77359,502653,10,0,9,0,0,0,1.9894440100825022e-5,0,1.1634069726857896e-4,0,0,0,0,163,0,26569,0
2015-11-25,77208,490397,6,0,5,0,0,0,1.2234985124297253e-5,0,6.476012848409491e-5,0,0,0,0,164,0,26896,0
2015-11-26,77255,493649,9,0,9,0,0,0,1.8231577497371615e-5,0,1.1649731408970293e-4,0,0,0,0,165,0,27225,0
2015-11-27,72351,441870,5,0,5,0,0,0,1.1315545296127821e-5,0,6.910754516178076e-5,0,0,0,0,166,0,27556,0
2015-11-28,70375,458749,7,1,7,1,1,0,1.525888884771411e-5,2.1798412639591587e-6,9.946714031971581e-5,1.4209591474245115e-5,2.1798412639591587e-6,0,0,167,0,27889,0
2015-11-29,70127,467316,7,1,4,1,0,0,1.4979157572178142e-5,2.1398796531683057e-6,5.703937142612688e-5,1.425984285653172e-5,0,0,0,168,0,28224,0
2015-11-30,76908,507337,9,0,7,0,0,0,1.773968782091588e-5,0,9.101783949654132e-5,0,0,0,0,169,0,28561,0
2015-12-01,78327,491362,13,1,11,1,1,0,2.645707238247972e-5,2.0351594140369014e-6,1.404368863865589e-4,1.2766989671505355e-5,2.0351594140369014e-6,0,0,170,0,28900,0
2015-12-02,79004,520904,27,0,19,0,1,0,5.183296730299633e-5,0,2.4049415219482557e-4,0,1.9197395297406047e-6,0,0,171,0,29241,0
2015-12-03,78155,500598,13,0,8,0,1,0,2.596894114638892e-5,0,1.0236069349369842e-4,0,1.997610857414532e-6,0,0,172,0,29584,0
2015-12-04,78117,496613,5,0,5,0,0,0,1.0068202000350374e-5,0,6.400655427115737e-5,0,0,0,0,173,0,29929,0
2015-12-05,70396,434991,5,0,4,0,2,0,1.149449069061199e-5,0,5.682141030740383e-5,0,4.597796276244796e-6,0,0,174,0,30276,0
2015-12-06,71103,472121,8,0,8,0,0,0,1.6944808640157926e-5,0,1.1251283349507053e-4,0,0,0,0,175,0,30625,0
2015-12-07,76977,507267,3,0,3,0,1,0,5.9140452661024666e-6,0,3.8972680151214e-5,0,1.9713484220341555e-6,0,0,176,0,30976,0
2015-12-08,77497,502823,6,1,5,1,0,0,1.1932628380165585e-5,1.988771396694264e-6,6.451862652747848e-5,1.2903725305495697e-5,0,0,0,177,0,31329,0
2015-12-09,78075,497128,44,0,9,0,6,0,8.850839220482451e-5,0,1.1527377521613833e-4,0,1.2069326209748798e-5,0,0,178,0,31684,0
2015-12-10,76504,488007,13,0,11,0,0,0,2.6638962146034792e-5,0,1.4378333159050508e-4,0,0,0,0,179,0,32041,0
2015-12-11,75450,475618,6,0,5,0,0,0,1.2615165952508106e-5,0,6.626905235255136e-5,0,0,0,0,180,0,32400,0
2015-12-12,69434,442720,6,1,6,1,0,0,1.3552584026020961e-5,2.258764004336827e-6,8.64129965146758e-5,1.44021660857793e-5,0,0,0,181,0,32761,0
2015-12-13,69774,482624,3,0,3,0,0,0,6.216019095610661e-6,0,4.2995958379912286e-5,0,0,0,0,182,0,33124,0
2015-12-14,75462,519538,5,1,4,1,0,0,9.623935111579904e-6,1.924787022315981e-6,5.3006811375261724e-5,1.3251702843815431e-5,0,0,0,183,0,33489,0
2015-12-15,76005,503487,9,0,9,0,0,0,1.7875337396993368e-5,0,1.1841326228537596e-4,0,0,0,0,184,0,33856,0
2015-12-16,77116,518319,7,0,7,0,0,0,1.3505196606722886e-5,0,9.077234296384667e-5,0,0,0,0,185,0,34225,0
2015-12-17,76347,492068,10,0,10,0,0,0,2.032239446580554e-5,0,1.3098091608052708e-4,0,0,0,0,186,0,34596,0
2015-12-18,74804,467680,11,0,10,0,0,0,2.3520355798836813e-5,0,1.3368269076519972e-4,0,0,0,0,187,0,34969,0
2015-12-19,68043,435191,2,0,2,0,0,0,4.595683274700074e-6,0,2.9393177843422543e-5,0,0,0,0,188,0,35344,0
2015-12-20,67812,463953,3,0,3,0,0,0,6.466172220030909e-6,0,4.423995752964077e-5,0,0,0,0,189,0,35721,0
2015-12-21,73978,514597,9,1,8,1,1,0,1.7489414046331402e-5,1.9432682273701557e-6,1.0814025791451512e-4,1.351753223931439e-5,1.9432682273701557e-6,0,0,190,0,36100,0
2015-12-22,73669,497207,6,0,5,0,0,0,1.2067408544127497e-5,0,6.787115340238091e-5,0,0,0,0,191,0,36481,0
2015-12-23,73438,500520,5,0,5,0,0,0,9.989610804763046e-6,0,6.808464282796372e-5,0,0,0,0,192,0,36864,0
2015-12-24,72795,499517,6,0,6,0,2,0,1.2011603208699604e-5,0,8.242324335462601e-5,0,4.0038677362332015e-6,0,0,193,0,37249,0
2015-12-25,71593,469628,7,0,7,0,0,0,1.4905414498283748e-5,0,9.777492212925845e-5,0,0,0,0,194,0,37636,0
2015-12-26,64924,435764,1,0,1,0,0,0,2.294820131998054e-6,0,1.540262460723307e-5,0,0,0,0,195,0,38025,0
2015-12-27,66082,480019,5,1,5,1,0,0,1.0416254356598385e-5,2.083250871319677e-6,7.566356950455495e-5,1.5132713900910989e-5,0,0,0,196,0,38416,0
2015-12-28,70402,513483,2,0,2,0,1,0,3.894968285220738e-6,0,2.8408283855572283e-5,0,1.947484142610369e-6,0,0,197,0,38809,0
2015-12-29,72181,539635,6,0,6,0,1,0,1.111862647900896e-5,0,8.312436790845236e-5,0,1.8531044131681599e-6,0,0,198,0,39204,0
2015-12-30,73071,544013,8,0,7,0,0,0,1.4705530934003416e-5,0,9.579723830247293e-5,0,0,0,0,199,0,39601,0
2015-12-31,75404,588276,11,0,11,0,0,0,1.8698706049541372e-5,0,1.4588085512704896e-4,0,0,0,0,200,0,40000,0
2016-01-01,75313,520764,7,0,7,0,0,0,1.3441789371001068e-5,0,9.294544102611767e-5,0,0,0,0,201,0,40401,0
2016-01-02,68170,493229,7,0,7,0,0,0,1.41921906457244e-5,0,1.0268446530731993e-4,0,0,0,0,202,0,40804,0
2016-01-03,69273,532597,8,0,7,0,1,0,1.50207380064101e-5,0,1.0104947093384147e-4,0,1.8775922508012625e-6,0,0,203,0,41209,0
2016-01-04,75189,563912,4,1,4,1,0,0,7.093305338421598e-6,1.7733263346053995e-6,5.319927116998497e-5,1.3299817792496242e-5,0,0,0,204,0,41616,0
2016-01-05,76064,566645,5,0,5,0,0,0,8.823866794906864e-6,0,6.573411863693731e-5,0,0,0,0,205,0,42025,0
2016-01-06,76209,565286,4,0,4,0,0,0,7.076064151597599e-6,0,5.2487239040008396e-5,0,0,0,0,206,0,42436,0
2016-01-07,75658,558384,52,37,20,13,1,0,9.312587753230752e-5,6.626264362875728e-5,2.6434745829918843e-4,1.718258478944725e-4,1.790882260236683e-6,0,0,207,0,42849,0
2016-01-08,76204,535465,36,22,20,11,2,1,6.723128495793376e-5,4.108578525207063e-5,2.624534145189229e-4,1.443493779854076e-4,3.7350713865518756e-6,1.8675356932759378e-6,0,208,0,43264,0
2016-01-09,70954,510589,26,15,16,9,3,1,5.092158272113187e-5,2.9377836185268386e-5,2.2549821010795727e-4,1.2684274318572596e-4,5.875567237053677e-6,1.9585224123512256e-6,0,209,0,43681,0
2016-01-10,72128,559428,43,25,22,16,2,1,7.686422560186476e-5,4.468850325689812e-5,3.050133096716948e-4,2.2182786157941438e-4,3.5750802605518494e-6,1.7875401302759247e-6,0,210,0,44100,0
2016-01-11,77845,572148,28,18,21,13,0,0,4.893838657130672e-5,3.146039136726861e-5,2.697668443702229e-4,1.6699852270537607e-4,0,0,0,211,0,44521,0
2016-01-12,76207,563077,24,14,18,9,2,1,4.262294499686544e-5,2.4863384581504838e-5,2.36198774390804e-4,1.18099387195402e-4,3.55191208307212e-6,1.77595604153606e-6,0,212,0,44944,0
2016-01-13,76607,563766,17,9,17,9,0,0,3.0154354820971822e-5,1.5964070199338023e-5,2.21911835733027e-4,1.1748273656454372e-4,0,0,0,213,0,45369,0
2016-01-14,78046,568211,12,5,10,4,0,0,2.1118915332508523e-5,8.799548055211885e-6,1.2812956461573944e-4,5.1251825846295776e-5,0,0,0,214,0,45796,0
2016-01-15,75576,546905,22,6,22,6,2,2,4.022636472513508e-5,1.0970826743218658e-5,2.9109770297448926e-4,7.939028262940616e-5,3.6569422477395526e-6,3.6569422477395526e-6,0,215,0,46225,0
2016-01-16,70838,501457,11,1,10,1,0,0,2.193607826792726e-5,1.994188933447933e-6,1.4116717016290692e-4,1.4116717016290691e-5,0,0,0,216,0,46656,0
2016-01-17,72256,559623,11,4,11,4,0,0,1.9656089903381383e-5,7.147669055775049e-6,1.5223649247121345e-4,5.5358724534986716e-5,0,0,0,217,0,47089,0
2016-01-18,75972,566053,15,8,12,5,0,0,2.6499285402603645e-5,1.4132952214721943e-5,1.57952930026852e-4,6.581372084452166e-5,0,0,0,218,0,47524,0
2016-01-19,75648,527437,10,5,10,5,0,0,1.895961034208825e-5,9.479805171044125e-6,1.321912013536379e-4,6.609560067681895e-5,0,0,0,219,0,47961,0
2016-01-20,78074,558068,9,3,8,3,1,0,1.61270669524144e-5,5.375688984138134e-6,1.02466890386044e-4,3.8425083894766506e-5,1.7918963280460445e-6,0,0,220,0,48400,0
2016-01-21,76071,543523,6,3,6,3,0,0,1.1039091262007312e-5,5.519545631003656e-6,7.887368379540166e-5,3.943684189770083e-5,0,0,0,221,0,48841,0
2016-01-22,77400,553161,14,9,8,5,1,0,2.530908722776913e-5,1.627012750356587e-5,1.0335917312661498e-4,6.459948320413436e-5,1.8077919448406521e-6,0,0,222,0,49284,0
2016-01-23,72849,538006,17,5,13,4,1,0,3.159816061530912e-5,9.293576651561507e-6,1.784513171079905e-4,5.4908097571689386e-5,1.8587153303123013e-6,0,0,223,0,49729,0
2016-01-24,72882,574545,8,2,8,2,2,0,1.392406164878295e-5,3.4810154121957377e-6,1.0976647183117917e-4,2.7441617957794792e-5,3.4810154121957377e-6,0,0,224,0,50176,0
2016-01-25,77271,590112,9,5,9,5,1,0,1.5251342118106394e-5,8.47296784339244e-6,1.1647319175369802e-4,6.470732875205446e-5,1.6945935686784882e-6,0,0,225,0,50625,0
2016-01-26,77893,583778,18,14,18,14,0,0,3.083363881475493e-5,2.398171907814272e-5,2.3108623367953474e-4,1.797337373063048e-4,0,0,0,226,0,51076,0
2016-01-27,79670,621655,8,1,8,1,0,0,1.2868874214797596e-5,1.6086092768496995e-6,1.0041420861051839e-4,1.2551776076314799e-5,0,0,0,227,0,51529,0
2016-01-28,78797,592686,18,6,16,5,1,0,3.0370212895192397e-5,1.0123404298397466e-5,2.030534157391779e-4,6.345419241849309e-5,1.6872340497329108e-6,0,0,228,0,51984,0
2016-01-29,77521,575186,11,3,8,3,0,0,1.9124248503962198e-5,5.215704137444236e-6,1.0319784316507785e-4,3.8699191186904195e-5,0,0,0,229,0,52441,0
2016-01-30,70707,509604,18,10,16,8,0,0,3.532154378694045e-5,1.9623079881633584e-5,2.2628594057165486e-4,1.1314297028582743e-4,0,0,0,230,0,52900,0
2016-01-31,70220,533072,14,3,12,3,1,0,2.62628688057148e-5,5.6277576012246e-6,1.708914839077186e-4,4.272287097692965e-5,1.8759192004082e-6,0,0,231,0,53361,0
2016-02-01,77265,579618,12,4,9,4,0,0,2.0703290788070765e-5,6.901096929356921e-6,1.1648223645894001e-4,5.1769882870640004e-5,0,0,0,232,0,53824,0
2016-02-02,78992,594322,14,2,14,2,1,0,2.3556254017182606e-5,3.3651791453118005e-6,1.7723313753291472e-4,2.5319019647559248e-5,1.6825895726559002e-6,0,0,233,0,54289,0
2016-02-03,78428,588609,35,10,27,10,1,0,5.946222364931559e-5,1.698920675694731e-5,3.442648033865456e-4,1.2750548273575762e-4,1.6989206756947312e-6,0,0,234,0,54756,0
2016-02-04,76814,558348,26,9,20,7,1,1,4.656594095438687e-5,1.6118979561133915e-5,2.603692035306064e-4,9.112922123571225e-5,1.7909977290148796e-6,1.7909977290148796e-6,0,235,0,55225,0
2016-02-05,76808,560658,9,2,8,2,0,0,1.6052566805432188e-5,3.5672370678738197e-6,1.0415581710238516e-4,2.603895427559629e-5,0,0,0,236,0,55696,0
2016-02-06,70245,520915,15,2,15,2,0,0,2.87954848679727e-5,3.83939798239636e-6,2.1353833013025838e-4,2.8471777350701118e-5,0,0,0,237,0,56169,0
2016-02-07,72253,570517,12,3,11,3,0,0,2.1033553776662222e-5,5.2583884441655555e-6,1.522428134471925e-4,4.1520767303779775e-5,0,0,0,238,0,56644,0
2016-02-08,81897,718224,11,2,11,2,1,0,1.5315556149613492e-5,2.7846465726569985e-6,1.343150542754924e-4,2.4420918959180433e-5,1.3923232863284993e-6,0,0,239,0,57121,0
2016-02-09,76863,587658,15,2,10,2,0,0,2.552505028434906e-5,3.403340037913208e-6,1.3010160935690774e-4,2.602032187138155e-5,0,0,0,240,0,57600,0
2016-02-10,77756,594231,32,2,19,2,0,0,5.3851111773031026e-5,3.365694485814439e-6,2.443541334430783e-4,2.5721487730850353e-5,0,0,0,241,0,58081,0
2016-02-11,76954,588863,7,3,7,3,0,0,1.1887315046114291e-5,5.0945635911918395e-6,9.096343270005458e-5,3.898432830002339e-5,0,0,0,242,0,58564,0
2016-02-12,77084,585177,9,2,9,2,0,0,1.5379961960227417e-5,3.4177693244949817e-6,1.1675574697732344e-4,2.594572155051632e-5,0,0,0,243,0,59049,0
2016-02-13,71060,557988,10,3,9,2,0,0,1.7921532362703142e-5,5.376459708810942e-6,1.2665353222628765e-4,2.8145229383619476e-5,0,0,0,244,0,59536,0
2016-02-14,73780,614249,12,3,9,2,0,0,1.9536051340742923e-5,4.884012835185731e-6,1.2198427758200055e-4,2.7107617240444564e-5,0,0,0,245,0,60025,0
2016-02-15,74773,604757,7,4,5,2,0,0,1.1574897024755397e-5,6.614226871288798e-6,6.6869057012558e-5,2.6747622805023204e-5,0,0,0,246,0,60516,0
2016-02-16,78054,678591,2,1,2,1,0,0,2.94728341519413e-6,1.473641707597065e-6,2.562328644271914e-5,1.281164322135957e-5,0,0,0,247,0,61009,0
2016-02-17,76587,607662,12,1,11,1,0,0,1.9747820334330598e-5,1.6456516945275498e-6,1.436275085850079e-4,1.3057046235000719e-5,0,0,0,248,0,61504,0
2016-02-18,77590,618907,12,4,11,3,0,0,1.9389019675007714e-5,6.463006558335905e-6,1.4177084675860292e-4,3.866477638870989e-5,0,0,0,249,0,62001,0
2016-02-19,76804,610652,17,6,14,3,1,1,2.7839096572188416e-5,9.825563496066499e-6,1.822821728034998e-4,3.906046560074996e-5,1.6375939160110832e-6,1.6375939160110832e-6,0,250,0,62500,0
2016-02-20,70927,572338,5,2,5,2,0,0,8.736096502416405e-6,3.494438600966562e-6,7.049501600236863e-5,2.8198006400947453e-5,0,0,0,251,0,63001,0
2016-02-21,70180,611724,3,0,3,0,0,0,4.904172469937423e-6,0,4.2747221430607014e-5,0,0,0,0,252,0,63504,0
2016-02-22,76126,629794,10,0,10,0,0,0,1.587820779492977e-5,0,1.3136116438536112e-4,0,0,0,0,253,0,64009,0
2016-02-23,76798,634721,14,3,14,3,0,0,2.205693525186657e-5,4.726486125399979e-6,1.8229641396911377e-4,3.906351727909581e-5,0,0,0,254,0,64516,0
2016-02-24,77943,670299,18,3,16,3,0,0,2.685368768266102e-5,4.475614613776837e-6,2.0527821613230182e-4,3.848966552480659e-5,0,0,0,255,0,65025,0
2016-02-25,77552,653639,8,4,8,4,0,0,1.2239171775245968e-5,6.119585887622984e-6,1.0315659170621003e-4,5.1578295853105015e-5,0,0,0,256,0,65536,0
2016-02-26,77627,656194,17,5,14,5,0,0,2.5906972633093263e-5,7.619697833262724e-6,1.803496206216909e-4,6.441057879346104e-5,0,0,0,257,0,66049,0
2016-02-27,70627,599121,17,4,16,4,1,0,2.8374902565591926e-5,6.676447662492218e-6,2.2654225721041528e-4,5.663556430260382e-5,1.6691119156230545e-6,0,0,258,0,66564,0
2016-02-28,70875,628765,11,3,8,2,0,0,1.7494612454573648e-5,4.771257942156449e-6,1.1287477954144621e-4,2.8218694885361552e-5,0,0,0,259,0,67081,0
2016-02-29,79522,724821,16,5,14,4,1,0,2.2074415614337883e-5,6.898254879480589e-6,1.7605191016322526e-4,5.0300545760921505e-5,1.3796509758961177e-6,0,0,260,0,67600,0
2016-03-01,77633,641744,11,2,10,2,0,0,1.714079134358872e-5,3.116507517016131e-6,1.2881120142207566e-4,2.5762240284415132e-5,0,0,0,261,0,68121,0
2016-03-02,78466,655308,11,1,10,1,0,0,1.6785999865712e-5,1.525999987792e-6,1.274437335916193e-4,1.274437335916193e-5,0,0,0,262,0,68644,0
2016-03-03,76699,617746,12,1,12,1,1,0,1.9425459654939085e-5,1.618788304578257e-6,1.5645575561610973e-4,1.3037979634675811e-5,1.618788304578257e-6,0,0,263,0,69169,0
2016-03-04,75887,587235,13,1,12,1,1,0,2.213764506543377e-5,1.7028957742641362e-6,1.5812985096261547e-4,1.3177487580217955e-5,1.7028957742641362e-6,0,0,264,0,69696,0
2016-03-05,68223,512864,20,5,11,4,1,0,3.899669308042678e-5,9.749173270106695e-6,1.612359468214532e-4,5.8631253389619333e-5,1.949834654021339e-6,0,0,265,0,70225,0
2016-03-06,67352,510892,8,2,8,2,1,1,1.5658886809736696e-5,3.914721702434174e-6,1.187789523696401e-4,2.9694738092410023e-5,1.957360851217087e-6,1.957360851217087e-6,0,266,0,70756,0
2016-03-07,71647,504643,12,2,12,2,0,0,2.3779186474398735e-5,3.9631977457331225e-6,1.6748782223959132e-4,2.7914637039931888e-5,0,0,0,267,0,71289,0
2016-03-08,74191,513974,9,1,5,1,2,0,1.751061337733037e-5,1.9456237085922633e-6,6.739361917213678e-5,1.3478723834427357e-5,3.891247417184527e-6,0,0,268,0,71824,0
2016-03-09,73530,504777,9,3,8,2,1,0,1.7829655471624103e-5,5.943218490541368e-6,1.0879912960696314e-4,2.7199782401740785e-5,1.981072830180456e-6,0,0,269,0,72361,0
2016-03-10,72880,505841,3,0,3,0,0,0,5.930717359802784e-6,0,4.1163556531284306e-5,0,0,0,0,270,0,72900,0
2016-03-11,72062,493179,5,3,5,3,0,0,1.0138306781107874e-5,6.082984068664724e-6,6.938469651133746e-5,4.163081790680247e-5,0,0,0,271,0,73441,0
2016-03-12,66221,462483,16,2,10,2,0,0,3.459586622643427e-5,4.324483278304283e-6,1.510094984974555e-4,3.0201899699491097e-5,0,0,0,272,0,73984,0
2016-03-13,65335,469734,17,1,15,1,2,0,3.619069515938808e-5,2.1288644211404754e-6,2.2958597994949108e-4,1.5305731996632738e-5,4.257728842280951e-6,0,0,273,0,74529,0
2016-03-14,70824,488922,5,1,5,1,1,0,1.0226580108892624e-5,2.045316021778525e-6,7.059753755788998e-5,1.4119507511577997e-5,2.045316021778525e-6,0,0,274,0,75076,0
2016-03-15,72138,505546,14,0,14,0,1,0,2.769283111724749e-5,0,1.940724722060495e-4,0,1.9780593655176778e-6,0,0,275,0,75625,0
2016-03-16,72602,513767,4,1,4,1,0,0,7.785630451157821e-6,1.9464076127894552e-6,5.509490096691551e-5,1.3773725241728878e-5,0,0,0,276,0,76176,0
2016-03-17,73711,515223,5,1,5,1,0,0,9.704535705898223e-6,1.9409071411796446e-6,6.783248090515662e-5,1.3566496181031326e-5,0,0,0,277,0,76729,0
2016-03-18,72269,503365,5,1,4,1,1,0,9.933149901165158e-6,1.9866299802330316e-6,5.534876641436854e-5,1.3837191603592135e-5,1.9866299802330316e-6,0,0,278,0,77284,0
2016-03-19,66118,471439,4,0,4,0,0,0,8.484660793867287e-6,0,6.049789769805499e-5,0,0,0,0,279,0,77841,0
2016-03-20,65524,481230,5,2,5,2,0,0,1.0390042183571266e-5,4.156016873428506e-6,7.630791770954154e-5,3.0523167083816616e-5,0,0,0,280,0,78400,0
2016-03-21,71846,524251,11,0,11,0,0,0,2.0982315722812166e-5,0,1.531052529020405e-4,0,0,0,0,281,0,78961,0
2016-03-22,73057,544643,16,4,13,3,1,0,2.9377041474874367e-5,7.344260368718592e-6,1.7794324979125887e-4,4.10638268749059e-5,1.836065092179648e-6,0,0,282,0,79524,0
2016-03-23,73412,540848,15,5,11,3,0,0,2.7734224772949147e-5,9.24474159098305e-6,1.4983926333569445e-4,4.086525363700757e-5,0,0,0,283,0,80089,0
2016-03-24,72489,534840,8,0,8,0,0,0,1.495774437214868e-5,0,1.1036157210059457e-4,0,0,0,0,284,0,80656,0
2016-03-25,70802,526051,4,1,4,1,0,0,7.603825484601303e-6,1.9009563711503258e-6,5.649557922092596e-5,1.412389480523149e-5,0,0,0,285,0,81225,0
2016-03-26,65814,490605,5,2,5,2,0,0,1.019149825215805e-5,4.07659930086322e-6,7.597167775853162e-5,3.0388671103412646e-5,0,0,0,286,0,81796,0
2016-03-27,66363,487041,24,2,12,2,1,0,4.927716557743599e-5,4.106430464786332e-6,1.8082365173364677e-4,3.0137275288941128e-5,2.053215232393166e-6,0,0,287,0,82369,0
2016-03-28,70782,549619,15,4,14,3,0,0,2.729163293117596e-5,7.2777687816469224e-06,1.9779039868893223e-4,4.238365686191405e-5,0,0,0,288,0,82944,0
2016-03-29,72423,556874,8,2,6,2,1,1,1.4365906829911254e-5,3.5914767074778136e-6,8.284660950250611e-5,2.761553650083537e-5,1.7957383537389068e-6,1.7957383537389068e-6,0,289,0,83521,0
2016-03-30,73048,558859,27,3,22,3,0,0,4.831272288716832e-5,5.3680803207964796e-6,3.011718322199102e-4,4.106888621180594e-5,0,0,0,290,0,84100,0
2016-03-31,73831,573604,12,3,10,3,0,0,2.0920356203931632e-5,5.230089050982908e-6,1.3544446099876745e-4,4.0633338299630234e-5,0,0,0,291,0,84681,0
2016-04-01,73975,566471,7,1,7,1,0,0,1.2357208047720006e-5,1.7653154353885724e-6,9.462656302805002e-5,1.3518080432578573e-5,0,0,0,292,0,85264,0
2016-04-02,67540,522315,7,0,7,0,0,0,1.3401874347855222e-5,0,1.0364228605270951e-4,0,0,0,0,293,0,85849,0
2016-04-03,66413,545218,3,0,3,0,0,0,5.50238620148271e-6,0,4.5171878999593454e-5,0,0,0,0,294,0,86436,0
2016-04-04,73274,597795,3,1,3,1,0,0,5.018442777206233e-6,1.6728142590687444e-6,4.094221688457024e-5,1.364740562819008e-5,0,0,0,295,0,87025,0
2016-04-05,74743,589849,10,1,9,1,0,0,1.695349148680425e-5,1.695349148680425e-6,1.2041261389026397e-4,1.3379179321140441e-5,0,0,0,296,0,87616,0
2016-04-06,73885,557128,8,1,7,1,0,0,1.4359357275168364e-5,1.7949196593960455e-6,9.474182851729038e-5,1.3534546931041483e-5,0,0,0,297,0,88209,0
2016-04-07,74180,559423,4,0,3,0,0,0,7.150224427669223e-6,0,4.044216770018873e-5,0,0,0,0,298,0,88804,0
2016-04-08,72441,534967,7,0,7,0,0,0,1.3084919256701814e-5,0,9.663036125950774e-5,0,0,0,0,299,0,89401,0
2016-04-09,66502,502616,16,9,10,5,0,0,3.1833447403186525e-5,1.790631416429242e-5,1.5037141740098042e-4,7.518570870049021e-5,0,0,0,300,0,90000,0
2016-04-10,66591,523859,7,1,6,1,0,0,1.3362374226652591e-5,1.908910603807513e-6,9.010226607199171e-5,1.5017044345331952e-5,0,0,0,301,0,90601,0
2016-04-11,71854,553174,5,2,5,2,0,0,9.03874730193393e-6,3.615498920773572e-6,6.958554847329306e-5,2.7834219389317228e-5,0,0,0,302,0,91204,0
2016-04-12,73551,561199,6,1,6,1,0,0,1.0691394674616312e-5,1.7818991124360521e-6,8.157604927193376e-5,1.359600821198896e-5,0,0,0,303,0,91809,0
2016-04-13,74055,567262,14,1,14,1,0,0,2.4679953883743313e-5,1.7628538488388082e-6,1.8904868003510904e-4,1.3503477145364932e-5,0,0,0,304,0,92416,0
2016-04-14,75135,596825,12,2,9,2,0,0,2.0106396347337997e-5,3.3510660578896662e-6,1.1978438810141745e-4,2.6618752911426098e-5,0,0,0,305,0,93025,0
2016-04-15,72547,539502,6,0,6,0,0,0,1.1121367483345753e-5,0,8.270500503122114e-5,0,0,0,0,306,0,93636,0
2016-04-16,66023,493933,3,2,3,2,0,0,6.073698254621578e-6,4.049132169747719e-6,4.5438710752313586e-5,3.0292473834875725e-5,0,0,0,307,0,94249,0
2016-04-17,64987,512140,1,0,1,0,0,0,1.9525910883742725e-6,0,1.5387692923200023e-5,0,0,0,0,308,0,94864,0
2016-04-18,71627,555292,5,2,5,2,0,0,9.004271626459593e-6,3.601708650583837e-6,6.980607871333436e-5,2.792243148533374e-5,0,0,0,309,0,95481,0
2016-04-19,72912,572936,7,1,7,1,0,0,1.22177695239957e-5,1.7453956462851e-6,9.600614439324117e-5,1.3715163484748739e-5,0,0,0,310,0,96100,0
2016-04-20,74833,579585,4,1,4,1,0,0,6.901489859123339e-6,1.7253724647808347e-6,5.3452353908035225e-5,1.3363088477008806e-5,0,0,0,311,0,96721,0
2016-04-21,75897,585752,6,2,6,2,1,1,1.0243242874117373e-5,3.414414291372458e-6,7.905450808332345e-5,2.635150269444115e-5,1.707207145686229e-6,1.707207145686229e-6,0,312,0,97344,0
2016-04-22,74408,562783,8,2,5,2,0,0,1.4215070462327398e-5,3.5537676155818495e-6,6.719707558327061e-5,2.6878830233308245e-5,0,0,0,313,0,97969,0
2016-04-23,66399,515317,4,2,4,2,0,0,7.762212385774193e-6,3.881106192887096e-6,6.024187111251676e-5,3.012093555625838e-5,0,0,0,314,0,98596,0
2016-04-24,66131,556052,5,1,4,1,0,0,8.99196478027235e-6,1.7983929560544698e-6,6.048600505058142e-5,1.5121501262645356e-5,0,0,0,315,0,99225,0
2016-04-25,73035,587380,2,0,2,0,0,0,3.404950798460962e-6,0,2.7384130896145682e-5,0,0,0,0,316,0,99856,0
2016-04-26,74050,606173,5,0,5,0,0,0,8.248470321178938e-6,0,6.75219446320054e-5,0,0,0,0,317,0,100489,0
2016-04-27,75046,615160,27,2,10,1,0,0,4.389102022238117e-5,3.2511866831393458e-6,1.3325160568184845e-4,1.3325160568184847e-5,0,0,0,318,0,101124,0
2016-04-28,74742,615489,15,6,14,6,2,0,2.4370866091839172e-5,9.748346436735668e-6,1.8731101656364562e-4,8.027614995584812e-5,3.249448812245223e-6,0,0,319,0,101761,0
2016-04-29,75631,638965,3,0,3,0,0,0,4.695092845461019e-6,0,3.966627441128638e-5,0,0,0,0,320,0,102400,0
2016-04-30,68088,568621,1,0,1,0,0,0,1.7586406411300322e-6,0,1.4686875807778169e-5,0,0,0,0,321,0,103041,0
2016-05-01,67577,567096,10,1,10,1,0,0,1.763369870357047e-5,1.7633698703570471e-6,1.479793420838451e-4,1.4797934208384509e-5,0,0,0,322,0,103684,0
2016-05-02,74162,610546,5,0,5,0,3,0,8.189391135147885e-6,0,6.741997249265123e-5,0,4.913634681088731e-6,0,0,323,0,104329,0
2016-05-03,75064,617567,6,1,4,1,0,0,9.71554503398012e-6,1.6192575056633532e-6,5.328786102525844e-5,1.332196525631461e-5,0,0,0,324,0,104976,0
2016-05-04,77627,638203,13,1,9,1,0,0,2.0369694282226814e-5,1.5668995601712934e-6,1.1593904182822987e-4,1.2882115758692208e-5,0,0,0,325,0,105625,0
2016-05-05,75475,621304,17,4,16,4,2,0,2.7361806780577625e-5,6.438072183665323e-6,2.119907254057635e-4,5.299768135144087e-5,3.2190360918326615e-6,0,0,326,0,106276,0
2016-05-06,74744,592624,13,5,11,4,0,0,2.1936337374119172e-5,8.437052836199682e-6,1.4716900353205608e-4,5.351600128438403e-5,0,0,0,327,0,106929,0
2016-05-07,67702,546283,9,3,9,3,1,0,1.6474977255378622e-5,5.491659085126207e-6,1.3293551150630705e-4,4.431183716876902e-5,1.8305530283754024e-6,0,0,328,0,107584,0
2016-05-08,68771,554318,6,1,5,1,1,0,1.0824111791426581e-5,1.8040186319044304e-6,7.270506463480246e-5,1.4541012926960492e-5,1.8040186319044304e-6,0,0,329,0,108241,0
2016-05-09,72506,603624,6,0,3,0,0,0,9.939962625740527e-6,0,4.137588613356136e-5,0,0,0,0,330,0,108900,0
2016-05-10,75413,651968,3,2,3,2,0,0,4.601452832040836e-6,3.0676352213605576e-6,3.978093962579396e-5,2.6520626417195974e-5,0,0,0,331,0,109561,0
2016-05-11,75443,646430,9,2,9,2,0,0,1.3922621165478088e-5,3.093915814550686e-6,1.1929536206142385e-4,2.651008045809419e-5,0,0,0,332,0,110224,0
2016-05-12,75512,645875,6,3,4,3,0,0,9.289723243661699e-6,4.644861621830849e-6,5.297171310520182e-5,3.972878482890137e-5,0,0,0,333,0,110889,0
2016-05-13,74815,619705,10,2,7,2,0,0,1.6136710208889714e-5,3.2273420417779425e-6,9.356412484127515e-5,2.6732607097507185e-5,0,0,0,334,0,111556,0
2016-05-14,68313,567634,7,1,6,1,0,0,1.2331889914980427e-5,1.7616985592829183e-6,8.783101313073647e-5,1.4638502188456077e-5,0,0,0,335,0,112225,0
2016-05-15,67828,599663,5,1,5,1,0,0,8.338016519278328e-6,1.6676033038556656e-6,7.371586955239724e-5,1.4743173910479448e-5,0,0,0,336,0,112896,0
2016-05-16,73566,623529,6,0,6,0,0,0,9.622647864012741e-6,0,8.15594160345812e-5,0,0,0,0,337,0,113569,0
2016-05-17,74909,639342,6,1,5,1,1,0,9.384648591833478e-6,1.564108098638913e-6,6.674765381996823e-5,1.3349530763993646e-5,1.564108098638913e-6,0,0,338,0,114244,0
2016-05-18,75620,637429,25,2,13,2,2,0,3.9220054311931214e-5,3.1376043449544968e-6,1.7191219254165564e-4,2.6448029621793176e-5,3.1376043449544968e-6,0,0,339,0,114921,0
2016-05-19,73834,609382,5,1,5,1,0,0,8.205033952430496e-6,1.641006790486099e-6,6.771947883089092e-5,1.3543895766178183e-5,0,0,0,340,0,115600,0
2016-05-20,72820,571464,7,3,7,3,1,1,1.224924054708608e-5,5.249674520179749e-6,9.612743751716561e-5,4.1197473221642406e-5,1.749891506726583e-6,1.749891506726583e-6,0,341,0,116281,0
2016-05-21,65927,511547,5,0,5,0,1,0,9.774272940707306e-6,0,7.58414610099049e-5,0,1.954854588141461e-6,0,0,342,0,116964,0
2016-05-22,64647,510276,9,2,9,2,0,0,1.763751381605249e-5,3.9194475146783306e-6,1.3921759710427398e-4,3.093724380094977e-5,0,0,0,343,0,117649,0
2016-05-23,71350,550021,6,1,6,1,0,0,1.0908674396068513e-5,1.8181123993447523e-6,8.409250175192712e-5,1.401541695865452e-5,0,0,0,344,0,118336,0
2016-05-24,72020,534842,8,0,3,0,0,0,1.4957688438828664e-5,0,4.165509580672035e-5,0,0,0,0,345,0,119025,0
2016-05-25,72497,530005,15,0,10,0,0,0,2.830161979603966e-5,0,1.379367422100225e-4,0,0,0,0,346,0,119716,0
2016-05-26,71398,510835,0,0,0,0,0,0,0,0,0,0,0,0,0,347,0,120409,0
2016-05-27,69855,486024,9,0,4,0,0,0,1.8517604068934866e-5,0,5.726147018824708e-5,0,0,0,0,348,0,121104,0
2016-05-28,63398,427531,3,2,3,2,0,0,7.017035022021795e-6,4.67802334801453e-6,4.732010473516515e-5,3.15467364901101e-5,0,0,0,349,0,121801,0
2016-05-29,61273,419119,3,1,3,1,0,0,7.157871630730174e-6,2.3859572102433916e-6,4.89612064041258e-5,1.63204021347086e-5,0,0,0,350,0,122500,0
2016-05-30,64058,427045,1,0,1,0,0,0,2.341673594117716e-6,0,1.561085266477255e-5,0,0,0,0,351,0,123201,0
2016-05-31,68692,484202,9,1,8,1,1,0,1.858728381956291e-5,2.065253757729212e-6,1.16461887847202e-4,1.455773598090025e-5,2.065253757729212e-6,0,0,352,0,123904,0
2016-06-01,70243,474501,7,1,7,1,1,0,1.4752339826470334e-5,2.1074771180671904e-6,9.965405805560696e-5,1.4236294007943853e-5,2.1074771180671904e-6,0,0,353,0,124609,0
2016-06-02,71115,475961,20,2,19,2,0,0,4.2020249558262125e-5,4.202024955826213e-6,2.6717288898263375e-4,2.8123461998171976e-5,0,0,0,354,0,125316,0
2016-06-03,71087,477056,9,0,8,0,0,0,1.886570968607459e-5,0,1.1253815746901684e-4,0,0,0,0,355,0,126025,0
2016-06-04,66970,436996,5,2,5,2,0,0,1.1441752327252424e-5,4.576700930900969e-6,7.466029565477079e-5,2.9864118261908317e-5,0,0,0,356,0,126736,0
2016-06-05,64372,435054,8,1,8,1,0,0,1.8388521884639607e-5,2.298565235579951e-6,1.2427763623935873e-4,1.553470452991984e-5,0,0,0,357,0,127449,0
2016-06-06,70707,490657,1,1,1,1,1,1,2.038083630723703e-6,2.038083630723703e-6,1.4142871285728428e-5,1.4142871285728428e-5,2.038083630723703e-6,2.038083630723703e-6,0,358,0,128164,0
2016-06-07,71395,498739,3,0,3,0,0,0,6.0151702593941924e-6,0,4.2019749282162613e-5,0,0,0,0,359,0,128881,0
2016-06-08,72393,514395,9,0,7,0,1,0,1.7496282040066486e-5,0,9.669443178207837e-5,0,1.9440313377851652e-6,0,0,360,0,129600,0
2016-06-09,71862,506224,3,1,3,1,0,0,5.926230285407251e-6,1.9754100951357502e-6,4.174668113884946e-5,1.3915560379616487e-5,0,0,0,361,0,130321,0
2016-06-10,70743,486692,2,0,2,0,1,0,4.109375128417973e-6,0,2.8271348401962032e-5,0,2.0546875642089865e-6,0,0,362,0,131044,0
2016-06-11,65762,460398,6,1,5,1,0,0,1.3032202572556789e-5,2.172033762092798e-6,7.603175085915879e-5,1.5206350171831757e-5,0,0,0,363,0,131769,0
2016-06-12,66750,498893,6,5,6,5,1,1,1.2026626952071887e-5,1.0022189126726573e-5,8.988764044943821e-5,7.49063670411985e-5,2.0044378253453147e-6,2.0044378253453147e-6,0,364,0,132496,0
2016-06-13,71652,524065,5,1,5,1,0,0,9.540801236487841e-6,1.908160247297568e-6,6.978172277117177e-5,1.3956344554234355e-5,0,0,0,365,0,133225,0
2016-06-14,72211,539444,3,0,3,0,0,0,5.561281615885987e-6,0,4.154491697940757e-5,0,0,0,0,366,0,133956,0
2016-06-15,70801,508134,4,0,4,0,0,0,7.871939291604184e-6,0,5.6496377169813986e-5,0,0,0,0,367,0,134689,0
2016-06-16,71348,515872,6,2,6,2,0,0,1.1630792134482972e-5,3.876930711494324e-6,8.409485900095308e-5,2.8031619666984358e-5,0,0,0,368,0,135424,0
2016-06-17,72033,533808,5,1,4,1,0,0,9.366663669334293e-6,1.8733327338668586e-6,5.5530104257770743e-05,1.3882526064442686e-5,0,0,0,369,0,136161,0
2016-06-18,63824,441470,4,3,4,3,0,0,9.060638321969783e-6,6.795478741477337e-6,6.2672348959639e-5,4.7004261719729255e-5,0,0,0,370,0,136900,0
2016-06-19,66190,468303,3,0,3,0,0,0,6.406108865414059e-6,0,4.532406707961928e-5,0,0,0,0,371,0,137641,0
2016-06-20,74029,586012,4,1,4,1,0,0,6.8257987891032945e-6,1.7064496972758236e-6,5.403287900687568e-5,1.350821975171892e-5,0,0,0,372,0,138384,0
2016-06-21,71037,515638,3,2,3,2,0,0,5.8180351331748245e-6,3.878690088783216e-6,4.223151315511635e-5,2.81543421034109e-5,0,0,0,373,0,139129,0
2016-06-22,72527,540321,3,1,3,1,0,0,5.552255048387903e-6,1.8507516827959676e-6,4.136390585575027e-5,1.3787968618583425e-5,0,0,0,374,0,139876,0
2016-06-23,72041,539645,16,0,14,0,0,0,2.9649121181517478e-5,0,1.943337821518302e-4,0,0,0,0,375,0,140625,0
2016-06-24,72703,557403,8,2,7,2,1,1,1.4352272951526992e-5,3.588068237881748e-6,9.628213416227666e-5,2.7509181189221904e-5,1.794034118940874e-6,1.794034118940874e-6,0,376,0,141376,0
2016-06-25,64657,465379,9,3,8,3,1,1,1.93390763227391e-5,6.446358774246367e-6,1.2372983590330515e-4,4.6398688463739426e-5,2.1487862580821224e-6,2.1487862580821224e-6,0,377,0,142129,0
2016-06-26,63209,472673,3,0,3,0,0,0,6.346882517088981e-6,0,4.746159565884605e-5,0,0,0,0,378,0,142884,0
2016-06-27,72055,599764,3,1,3,1,0,0,5.001967440526607e-6,1.6673224801755356e-6,4.1634862257997365e-5,1.3878287419332454e-5,0,0,0,379,0,143641,0
2016-06-28,71346,540921,6,0,5,0,0,0,1.1092192760125785e-5,0,7.008101365178146e-5,0,0,0,0,380,0,144400,0
2016-06-29,71302,544479,7,0,7,0,0,0,1.2856326873947389e-5,0,9.817396426467701e-5,0,0,0,0,381,0,145161,0
2016-06-30,71408,536574,9,4,9,4,0,0,1.6773082557112348e-5,7.454703358716598e-6,1.2603629845395474e-4,5.601613264620211e-5,0,0,0,382,0,145924,0
2016-07-01,71290,538749,5,0,4,0,1,0,9.280759685864846e-6,0,5.610885117127227e-5,0,1.8561519371729692e-6,0,0,383,0,146689,0
2016-07-02,64873,496787,2,0,2,0,1,0,4.0258702421762245e-6,0,3.082946680437162e-5,0,2.0129351210881122e-6,0,0,384,0,147456,0
2016-07-03,62588,483903,4,2,4,2,0,0,8.266119449559105e-6,4.133059724779553e-6,6.391001469930338e-5,3.195500734965169e-5,0,0,0,385,0,148225,0
2016-07-04,69447,555426,5,0,5,0,0,0,9.002099289554324e-6,0,7.199735049750169e-5,0,0,0,0,386,0,148996,0
2016-07-05,69720,530233,6,2,6,2,0,0,1.1315780043867507e-5,3.771926681289169e-6,8.605851979345956e-5,2.8686173264486518e-5,0,0,0,387,0,149769,0
2016-07-06,71715,586596,7,2,7,2,0,0,1.1933255596696874e-5,3.40950159905625e-6,9.760858955588091e-5,2.7888168444537406e-5,0,0,0,388,0,150544,0
2016-07-07,73112,626385,6,0,6,0,0,0,9.578773438061256e-6,0,8.206587153955576e-5,0,0,0,0,389,0,151321,0
2016-07-08,73976,641415,1,0,1,0,0,0,1.559053031188856e-6,0,1.3517897696550232e-5,0,0,0,0,390,0,152100,0
2016-07-09,65751,523942,2,0,2,0,0,0,3.817216409449901e-6,0,3.0417788322611064e-5,0,0,0,0,391,0,152881,0
2016-07-10,65786,552531,6,2,5,2,0,0,1.0859119216840322e-5,3.619706405613441e-6,7.600401301188703e-5,3.040160520475481e-5,0,0,0,392,0,153664,0
2016-07-11,70515,572105,9,2,9,2,1,0,1.573137798131462e-5,3.4958617736254707e-6,1.2763241863433312e-4,2.8362759696518472e-5,1.7479308868127354e-6,0,0,393,0,154449,0
2016-07-12,71049,582508,9,3,8,2,0,0,1.5450431582055524e-5,5.1501438606851754e-6,1.1259834761924869e-4,2.8149586904812172e-5,0,0,0,394,0,155236,0
2016-07-13,71484,576411,8,1,8,1,0,0,1.3878985654333453e-5,1.7348732067916816e-6,1.1191315539141626e-4,1.3989144423927032e-5,0,0,0,395,0,156025,0
2016-07-14,71673,585705,6,0,6,0,1,0,1.0244064844930468e-5,0,8.371353229249508e-5,0,1.7073441408217447e-6,0,0,396,0,156816,0
2016-07-15,71386,585259,13,6,12,5,0,0,2.221238801966309e-5,1.0251871393690656e-5,1.6810018771187628e-4,7.004174487994846e-5,0,0,0,397,0,157609,0
2016-07-16,64521,518940,3,2,3,2,0,0,5.781015146259683e-6,3.854010097506456e-6,4.649648951504162e-5,3.099765967669441e-5,0,0,0,398,0,158404,0
2016-07-17,63149,511093,5,1,5,1,1,0,9.782955352548362e-6,1.9565910705096725e-6,7.917781754263726e-5,1.583556350852745e-5,1.9565910705096725e-6,0,0,399,0,159201,0
2016-07-18,69182,575342,7,0,7,0,0,0,1.216667651588099e-5,0,1.0118238848255326e-4,0,0,0,0,400,0,160000,0
2016-07-19,72416,606617,5,0,5,0,0,0,8.242433034352813e-6,0,6.904551480335838e-5,0,0,0,0,401,0,160801,0
2016-07-20,71404,583282,7,0,6,0,0,0,1.2001056092936178e-5,0,8.402890594364461e-5,0,0,0,0,402,0,161604,0
2016-07-21,71156,589711,23,3,18,3,0,0,3.900215529301641e-5,5.087237646915184e-6,2.5296531564449943e-4,4.21608859407499e-5,0,0,0,403,0,162409,0
2016-07-22,71164,606334,11,3,10,3,0,0,1.8141816226700135e-5,4.947768061827309e-6,1.4052048788713395e-4,4.215614636614018e-5,0,0,0,404,0,163216,0
2016-07-23,64592,535644,5,0,5,0,1,0,9.334558027346522e-6,0,7.740896705474362e-5,0,1.8669116054693042e-6,0,0,405,0,164025,0
2016-07-24,63429,526670,4,1,4,1,1,0,7.594888639945317e-6,1.8987221599863292e-6,6.306263696416465e-5,1.5765659241041164e-5,1.8987221599863292e-6,0,0,406,0,164836,0
2016-07-25,69097,583414,7,2,5,2,0,0,1.1998340800872107e-5,3.428097371677745e-6,7.236204176737051e-5,2.8944816706948204e-5,0,0,0,407,0,165649,0
2016-07-26,72118,629749,9,2,8,2,0,0,1.4291408164205104e-5,3.1758684809344675e-6,1.1092931029701323e-4,2.7732327574253308e-5,0,0,0,408,0,166464,0
2016-07-27,71956,620687,5,2,5,2,0,0,8.055590015579511e-6,3.2222360062318043e-6,6.948690866640725e-5,2.77947634665629e-5,0,0,0,409,0,167281,0
2016-07-28,71472,633561,8,1,7,1,0,0,1.2627039858829695e-5,1.5783799823537119e-6,9.794045220505933e-5,1.3991493172151333e-5,0,0,0,410,0,168100,0
2016-07-29,70995,609529,4,1,3,1,0,0,6.562444116686819e-6,1.6406110291717047e-6,4.225649693640397e-5,1.4085498978801323e-5,0,0,0,411,0,168921,0
2016-07-30,63817,522142,8,1,8,1,0,0,1.5321502579757997e-5,1.9151878224697496e-6,1.2535844680884405e-4,1.5669805851105506e-5,0,0,0,412,0,169744,0
2016-07-31,63339,527026,7,1,7,1,1,0,1.328207716507345e-5,1.8974395950104928e-6,1.1051642747754148e-4,1.5788061068220212e-5,1.8974395950104928e-6,0,0,413,0,170569,0
2016-08-01,69356,590860,9,3,9,3,2,1,1.5232034661341096e-5,5.0773448871136985e-6,1.297652690466578e-4,4.325508968221928e-5,3.3848965914091326e-6,1.6924482957045663e-6,0,414,0,171396,0
2016-08-02,70340,600701,18,2,17,2,0,0,2.9964990902295817e-5,3.329443433588424e-6,2.4168325277224906e-4,2.8433323855558714e-5,0,0,0,415,0,172225,0
2016-08-03,70026,583836,8,0,8,0,0,0,1.370247809316315e-5,0,1.1424328106703225e-4,0,0,0,0,416,0,173056,0
2016-08-04,69655,580130,10,2,9,2,0,0,1.7237515729233104e-5,3.4475031458466208e-6,1.2920824061445698e-4,2.8712942358768214e-5,0,0,0,417,0,173889,0
2016-08-05,68608,551209,11,4,11,4,0,0,1.9956132791735985e-5,7.2567755606312665e-6,1.603311567164179e-4,5.830223880597015e-5,0,0,0,418,0,174724,0
2016-08-06,63509,510060,9,0,6,0,0,0,1.7644982943183156e-5,0,9.447479884740746e-5,0,0,0,0,419,0,175561,0
2016-08-07,62392,506753,10,2,7,2,0,0,1.9733479624195614e-5,3.946695924839123e-6,1.1219387100910374e-4,3.205539171688678e-5,0,0,0,420,0,176400,0
2016-08-08,68680,562598,6,1,6,1,0,0,1.0664808620009313e-5,1.7774681033348856e-6,8.736167734420501e-5,1.4560279557367501e-5,0,0,0,421,0,177241,0
2016-08-09,69857,587270,3,0,3,0,0,0,5.1083828562671344e-6,0,4.2944873097899996e-5,0,0,0,0,422,0,178084,0
2016-08-10,70662,600215,5,0,5,0,0,0,8.330348291862083e-6,0,7.075938977102262e-5,0,0,0,0,423,0,178929,0
2016-08-11,69432,576620,13,2,12,2,1,1,2.254517706635219e-5,3.4684887794387986e-6,1.7283097131005876e-4,2.8805161885009795e-5,1.7342443897193993e-6,1.7342443897193993e-6,0,424,0,179776,0
2016-08-12,69821,579212,7,1,7,1,0,0,1.2085384971305843e-5,1.7264835673294061e-6,1.0025636986007075e-4,1.4322338551438678e-5,0,0,0,425,0,180625,0
2016-08-13,64096,534662,5,1,5,1,1,0,9.35170257097007e-6,1.870340514194014e-6,7.800798801797305e-5,1.560159760359461e-5,1.870340514194014e-6,0,0,426,0,181476,0
2016-08-14,63152,546295,15,6,12,6,0,0,2.7457692272490138e-5,1.0983076908996054e-5,1.9001773498859893e-4,9.500886749429947e-5,0,0,0,427,0,182329,0
2016-08-15,68290,574759,22,4,16,4,2,0,3.827691258423096e-5,6.959438651678356e-6,2.3429491872895006e-4,5.8573729682237514e-5,3.479719325839178e-6,0,0,428,0,183184,0
2016-08-16,68855,576498,12,0,9,0,1,0,2.0815336740110114e-5,0,1.3070946191271512e-4,0,1.7346113950091761e-6,0,0,429,0,184041,0
2016-08-17,69608,573716,13,1,10,1,0,0,2.2659294842744493e-5,1.743022680211115e-6,1.4366164808642684e-4,1.4366164808642685e-5,0,0,0,430,0,184900,0
2016-08-18,68988,559023,3,2,3,2,0,0,5.3665054926183715e-6,3.577670328412248e-6,4.348582362149939e-5,2.8990549080999593e-5,0,0,0,431,0,185761,0
2016-08-19,68435,540017,2,2,2,2,0,0,3.7035871092947075e-6,3.7035871092947075e-6,2.9224811865273617e-5,2.9224811865273617e-5,0,0,0,432,0,186624,0
2016-08-20,62730,499809,3,1,3,1,0,0,6.0022928758785856e-6,2.0007642919595284e-6,4.7824007651841225e-5,1.5941335883947075e-5,0,0,0,433,0,187489,0
2016-08-21,62412,489279,10,2,9,2,0,0,2.0438236670693e-5,4.0876473341386e-6,1.442030378773313e-4,3.204511952829584e-5,0,0,0,434,0,188356,0
2016-08-22,66534,502875,7,1,6,1,0,0,1.3919960228685061e-5,1.988565746955009e-6,9.017945711966815e-5,1.502990951994469e-5,0,0,0,435,0,189225,0
2016-08-23,66905,498396,12,6,9,4,1,1,2.4077239785231022e-5,1.2038619892615511e-5,1.345190942380988e-4,5.9786264105821685e-5,2.006436648769252e-6,2.006436648769252e-6,0,436,0,190096,0
2016-08-24,67743,508167,5,2,5,2,0,0,9.839285116900547e-6,3.935714046760219e-6,7.380836396380438e-5,2.9523345585521752e-5,0,0,0,437,0,190969,0
2016-08-25,67811,515016,8,1,7,1,1,0,1.553349798841201e-5,1.9416872485515013e-6,1.032280898379319e-4,1.4746869976847414e-5,1.9416872485515013e-6,0,0,438,0,191844,0
2016-08-26,67963,504543,6,1,6,1,0,0,1.1891949744620378e-5,1.9819916241033964e-6,8.828333063578712e-5,1.4713888439297853e-5,0,0,0,439,0,192721,0
2016-08-27,62414,466409,12,1,10,1,1,0,2.5728491517101944e-5,2.1440409597584953e-6,1.6022046335758004e-4,1.6022046335758e-5,2.1440409597584953e-6,0,0,440,0,193600,0
2016-08-28,61325,480430,10,3,10,3,0,0,2.0814686843036447e-5,6.244406052910934e-6,1.6306563391765185e-4,4.891969017529555e-5,0,0,0,441,0,194481,0
2016-08-29,68695,581750,7,0,6,0,1,0,1.2032660077352815e-5,0,8.734260135381033e-5,0,1.7189514396218307e-6,0,0,442,0,195364,0
2016-08-30,68107,532525,15,2,12,2,0,0,2.8167691657668656e-5,3.7556922210224874e-6,1.7619334282819682e-4,2.9365557138032802e-5,0,0,0,443,0,196249,0
2016-08-31,69343,541130,8,3,8,3,1,0,1.478387818084379e-5,5.543954317816421e-6,1.1536853034913402e-4,4.3263198880925253e-5,1.8479847726054737e-6,0,0,444,0,197136,0
2016-09-01,69724,547177,6,1,4,1,0,0,1.0965373179062717e-5,1.8275621965104527e-6,5.7369055131661984e-5,1.4342263782915496e-5,0,0,0,445,0,198025,0
2016-09-02,68344,528512,9,5,4,1,0,0,1.7028941632356503e-5,9.460523129086945e-6,5.852744937375629e-5,1.4631862343439072e-5,0,0,0,446,0,198916,0
2016-09-03,63907,514631,10,0,9,0,0,0,1.943139841945005e-5,0,1.408296430750935e-4,0,0,0,0,447,0,199809,0
2016-09-04,61342,498637,7,3,7,3,0,0,1.4038268319438791e-5,6.01640070833091e-6,1.1411430993446579e-4,4.8906132829056764e-5,0,0,0,448,0,200704,0
2016-09-05,64214,517972,15,4,11,3,0,0,2.895909431397836e-5,7.72242515039423e-6,1.7130220824119352e-4,4.671878406578005e-5,0,0,0,449,0,201601,0
2016-09-06,67321,530760,6,3,4,1,0,0,1.1304544426859598e-5,5.652272213429799e-6,5.941682387367983e-5,1.4854205968419958e-5,0,0,0,450,0,202500,0
2016-09-07,68262,516725,4,0,4,0,0,0,7.741061493057236e-6,0,5.859775570595646e-5,0,0,0,0,451,0,203401,0
2016-09-08,67282,481431,12,6,7,2,2,1,2.4925690285835354e-5,1.2462845142917677e-5,1.0403971344490354e-4,2.9725632412829584e-5,4.154281714305892e-6,2.077140857152946e-6,0,452,0,204304,0
2016-09-09,66218,451286,4,0,3,0,0,0,8.863558807496798e-6,0,4.5304901990395364e-5,0,0,0,0,453,0,205209,0
2016-09-10,60541,398440,2,0,2,0,0,0,5.01957634775625e-6,0,3.303546357014255e-5,0,0,0,0,454,0,206116,0
2016-09-11,61243,399437,2,0,2,0,1,0,5.007047419242584e-6,0,3.265679342945316e-5,0,2.503523709621292e-6,0,0,455,0,207025,0
2016-09-12,63057,363518,6,1,5,1,0,0,1.6505372498748344e-5,2.7508954164580573e-6,7.929333777376024e-5,1.585866755475205e-5,0,0,0,456,0,207936,0
2016-09-13,63019,345470,5,0,5,0,1,0,1.4473036732567227e-5,0,7.934115108141989e-5,0,2.8946073465134455e-6,0,0,457,0,208849,0
2016-09-14,62384,326944,5,0,5,0,0,0,1.529313888617011e-5,0,8.014875609130546e-5,0,0,0,0,458,0,209764,0
2016-09-15,62656,325527,1,0,1,0,0,0,3.0719418051344437e-6,0,1.5960163432073545e-5,0,0,0,0,459,0,210681,0
2016-09-16,62246,316881,8,0,8,0,1,0,2.524607029137121e-5,0,1.2852231468688752e-4,0,3.155758786421401e-6,0,0,460,0,211600,0
2016-09-17,56793,293448,5,0,3,0,0,0,1.703879392601074e-5,0,5.282341133590407e-5,0,0,0,0,461,0,212521,0
2016-09-18,56683,310188,1,0,1,0,0,0,3.2238513417669284e-6,0,1.7641973784026958e-5,0,0,0,0,462,0,213444,0
2016-09-19,61358,326149,8,1,8,1,1,0,2.452866634574995e-5,3.0660832932187437e-6,1.3038234623032041e-4,1.6297793278790052e-5,3.0660832932187437e-6,0,0,463,0,214369,0
2016-09-20,62817,336993,3,0,3,0,0,0,8.902262064790664e-6,0,4.775777257748699e-5,0,0,0,0,464,0,215296,0
2016-09-21,62653,326815,2,0,2,0,0,0,6.119670149778927e-6,0,3.1921855298229933e-05,0,0,0,0,465,0,216225,0
2016-09-22,62553,336032,2,1,2,1,0,0,5.951814112941624e-6,2.975907056470812e-6,3.197288699183093e-5,1.5986443495915464e-5,0,0,0,466,0,217156,0
2016-09-23,61743,318325,2,1,2,1,1,0,6.282886986570329e-6,3.1414434932851645e-6,3.2392335973308715e-5,1.6196167986654357e-5,3.1414434932851645e-6,0,0,467,0,218089,0
2016-09-24,56439,293064,1,0,1,0,0,0,3.4122239510823573e-6,0,1.7718244476337285e-5,0,0,0,0,468,0,219024,0
2016-09-25,56865,309756,1,0,1,0,0,0,3.228347473495267e-6,0,1.7585509540138925e-5,0,0,0,0,469,0,219961,0
2016-09-26,62218,327896,7,1,7,1,1,0,2.1348232366360067e-5,3.049747480908581e-6,1.1250763444662317e-4,1.607251920666045e-5,3.049747480908581e-6,0,0,470,0,220900,0
2016-09-27,68242,436783,2,0,2,0,0,0,4.578932788135069e-6,0,2.9307464611236483e-5,0,0,0,0,471,0,221841,0
2016-09-28,62577,331673,2,0,2,0,0,0,6.030035607360262e-6,0,3.196062451060294e-5,0,0,0,0,472,0,222784,0
2016-09-29,62682,338180,4,2,4,2,1,0,1.182802058075581e-5,5.914010290377905e-6,6.381417312785169e-5,3.1907086563925845e-5,2.9570051451889525e-6,0,0,473,0,223729,0
2016-09-30,61556,322161,1,1,1,1,0,0,3.1040380430902563e-6,3.1040380430902563e-6,1.6245370069530183e-5,1.6245370069530183e-5,0,0,0,474,0,224676,0
2016-10-01,57509,302682,3,1,3,1,0,0,9.911392154141971e-6,3.30379738471399e-6,5.216574796988298e-5,1.7388582656627658e-5,0,0,0,475,0,225625,0
2016-10-02,57422,325107,2,0,2,0,0,0,6.151820785156887e-6,0,3.482985615269409e-5,0,0,0,0,476,0,226576,0
2016-10-03,62132,336439,3,1,3,1,0,0,8.916921046608747e-6,2.972307015536249e-6,4.828429794630786e-5,1.609476598210262e-5,0,0,0,477,0,227529,0
2016-10-04,62826,344397,2,0,2,0,0,0,5.8072515149667386e-6,0,3.183395409543819e-5,0,0,0,0,478,0,228484,0
2016-10-05,64710,370483,4,0,4,0,0,0,1.079671671844592e-5,0,6.181424818420646e-5,0,0,0,0,479,0,229441,0
2016-10-06,63195,344964,2,0,2,0,0,0,5.797706427337345e-6,0,3.1648073423530344e-5,0,0,0,0,480,0,230400,0
2016-10-07,62444,334269,2,0,2,0,1,0,5.983205143163141e-6,0,3.2028697713150986e-5,0,2.9916025715815707e-6,0,0,481,0,231361,0
2016-10-08,58457,328490,7,0,7,0,0,0,2.130962890803373e-5,0,1.1974613818704346e-4,0,0,0,0,482,0,232324,0
2016-10-09,57845,330419,2,1,2,1,1,1,6.0529206855537966e-6,3.0264603427768983e-6,3.457515774915723e-5,1.7287578874578615e-5,3.0264603427768983e-6,3.0264603427768983e-6,0,483,0,233289,0
2016-10-10,66665,435290,8,3,7,3,0,0,1.8378552229548117e-5,6.891957086080544e-6,1.0500262506562664e-4,4.50011250281257e-5,0,0,0,484,0,234256,0
2016-10-11,63702,355660,9,0,7,0,0,0,2.5305066636675476e-5,0,1.0988665975950519e-4,0,0,0,0,485,0,235225,0
2016-10-12,63361,351725,34,0,9,0,4,0,9.66664297391428e-5,0,1.4204321270181973e-4,0,1.1372521145781505e-5,0,0,486,0,236196,0
2016-10-13,63784,359965,5,1,5,1,0,0,1.3890239328823636e-5,2.778047865764727e-6,7.838956478113634e-5,1.567791295622727e-5,0,0,0,487,0,237169,0
2016-10-14,62622,355498,7,3,7,3,0,0,1.9690687430027737e-5,8.438866041440459e-6,1.11781801922647e-4,4.790648653827728e-5,0,0,0,488,0,238144,0
2016-10-15,57200,311990,5,2,5,2,0,0,1.6026154684445014e-5,6.410461873778006e-6,8.741258741258741e-5,3.4965034965034965e-5,0,0,0,489,0,239121,0
2016-10-16,57136,328897,4,0,4,0,1,0,1.2161862224343792e-5,0,7.000840100812098e-5,0,3.040465556085948e-6,0,0,490,0,240100,0
2016-10-17,61662,346980,1,0,1,0,0,0,2.8820104905181854e-6,0,1.6217443482209466e-5,0,0,0,0,491,0,241081,0
2016-10-18,62802,356372,8,2,8,2,1,0,2.244845274039487e-5,5.612113185098717e-6,1.2738447820133118e-4,3.1846119550332795e-5,2.8060565925493587e-6,0,0,492,0,242064,0
2016-10-19,63959,369665,12,1,11,1,1,0,3.2461823542937526e-5,2.7051519619114605e-6,1.7198517800465923e-4,1.563501618224175e-5,2.7051519619114605e-6,0,0,493,0,243049,0
2016-10-20,66870,433146,7,0,2,0,0,0,1.6160832606095866e-5,0,2.990877822640945e-5,0,0,0,0,494,0,244036,0
2016-10-21,60380,323195,4,1,4,1,0,0,1.2376429090796579e-5,3.0941072726991447e-6,6.62471016893011e-5,1.6561775422325274e-5,0,0,0,495,0,245025,0
2016-10-22,56735,314171,4,1,4,1,0,0,1.2731919878028208e-5,3.182979969507052e-6,7.050321670926236e-5,1.762580417731559e-5,0,0,0,496,0,246016,0
2016-10-23,57718,339672,1,0,1,0,0,0,2.9440165807013824e-6,0,1.7325617658269516e-5,0,0,0,0,497,0,247009,0
2016-10-24,62795,364497,7,1,7,1,0,0,1.9204547636880415e-5,2.7435068052686307e-6,1.1147384345887411e-4,1.592483477983916e-5,0,0,0,498,0,248004,0
2016-10-25,62746,366479,5,1,5,1,0,0,1.3643346549188358e-5,2.7286693098376713e-6,7.968635450865394e-5,1.5937270901730786e-5,0,0,0,499,0,249001,0
2016-10-26,63931,377282,19,2,8,2,0,0,5.036020801416447e-5,5.301074527806787e-6,1.251349110760038e-4,3.128372776900095e-5,0,0,0,500,0,250000,0
2016-10-27,64492,381342,4,0,4,0,0,0,1.0489272096962831e-5,0,6.202319667555666e-5,0,0,0,0,501,0,251001,0
2016-10-28,63476,374052,6,1,3,1,0,0,1.6040550511693562e-5,2.67342508528226e-6,4.726195727519062e-5,1.5753985758396876e-5,0,0,0,502,0,252004,0
2016-10-29,57567,331745,1,0,1,0,0,0,3.0143634418001778e-6,0,1.7371063282783538e-5,0,0,0,0,503,0,253009,0
2016-10-30,57001,339692,3,0,3,0,0,0,8.831529738704473e-6,0,5.263065560253329e-5,0,0,0,0,504,0,254016,0
2016-10-31,64447,389549,3,1,3,1,0,0,7.70121345453332e-6,2.5670711515111065e-6,4.654987819448539e-5,1.5516626064828464e-5,0,0,0,505,0,255025,0
2016-11-01,63905,379629,2,1,2,1,1,1,5.268301420597478e-6,2.634150710298739e-6,3.129645567639465e-5,1.5648227838197324e-5,2.634150710298739e-6,2.634150710298739e-6,0,506,0,256036,0
2016-11-02,64754,398438,14,4,14,4,0,0,3.513721080820604e-5,1.003920308805887e-5,2.162028600549773e-4,6.177224572999351e-5,0,0,0,507,0,257049,0
2016-11-03,68810,467209,2,0,2,0,0,0,4.280739454933445e-6,0,2.9065542799011773e-5,0,0,0,0,508,0,258064,0
2016-11-04,63423,378994,3,0,3,0,0,0,7.91569259671657e-6,0,4.7301452154581144e-5,0,0,0,0,509,0,259081,0
2016-11-05,58255,359285,3,0,3,0,0,0,8.349917196654466e-6,0,5.1497725517122994e-5,0,0,0,0,510,0,260100,0
2016-11-06,58090,384386,5,1,5,1,0,0,1.3007757826767884e-5,2.6015515653535767e-6,8.607333448097779e-5,1.721466689619556e-5,0,0,0,511,0,261121,0
2016-11-07,63473,392995,3,1,3,1,0,0,7.633684906932658e-6,2.5445616356442194e-6,4.726419107336978e-5,1.5754730357789928e-5,0,0,0,512,0,262144,0
2016-11-08,69242,455968,7,1,5,1,0,0,1.535195452312443e-5,2.193136360446347e-6,7.221050807313481e-5,1.444210161462696e-5,0,0,0,513,1,263169,1
2016-11-09,80047,777732,2,0,2,0,0,0,2.5715799272757196e-6,0,2.4985321123839744e-5,0,0,0,1,514,2,264196,4
2016-11-10,66737,423409,2,1,2,1,0,0,4.7235651580386815e-6,2.3617825790193407e-6,2.9968383355559884e-5,1.4984191677779942e-5,0,0,1,515,3,265225,9
2016-11-11,66371,406770,4,0,4,0,0,0,9.833566880546747e-6,0,6.026728541079688e-5,0,0,0,1,516,4,266256,16
2016-11-12,58247,355764,3,0,1,0,0,0,8.432556413802408e-6,0,1.7168266176798805e-5,0,0,0,1,517,5,267289,25
2016-11-13,58728,383811,1,0,1,0,0,0,2.6054490361141293e-6,0,1.7027652908323118e-5,0,0,0,1,518,6,268324,36
2016-11-14,63189,402583,3,0,3,0,0,0,7.451879488204917e-6,0,4.747661776575037e-5,0,0,0,1,519,7,269361,49
2016-11-15,63345,405571,0,0,0,0,0,0,0,0,0,0,0,0,1,520,8,270400,64
2016-11-16,64752,411296,11,1,8,1,0,0,2.6744728857076168e-5,2.4313389870069245e-6,1.2354830738818879e-4,1.5443538423523598e-5,0,0,1,521,9,271441,81
2016-11-17,63996,399846,2,1,2,1,0,0,5.001925741410443e-6,2.5009628707052215e-6,3.125195324707794e-5,1.562597662353897e-5,0,0,1,522,10,272484,100
2016-11-18,63153,388013,2,0,2,0,0,0,5.154466474061436e-6,0,3.1669121023545993e-05,0,0,0,1,523,11,273529,121
2016-11-19,58644,381730,4,0,4,0,1,0,1.0478610536242894e-5,0,6.82081713389264e-5,0,2.6196526340607234e-6,0,1,524,12,274576,144
2016-11-20,58069,382568,1,0,1,0,0,0,2.613914389075929e-6,0,1.7220892386643477e-5,0,0,0,1,525,13,275625,169
2016-11-21,62546,417435,2,1,2,1,0,0,4.791165091571143e-6,2.3955825457855715e-6,3.197646532152336e-5,1.598823266076168e-5,0,0,1,526,14,276676,196
2016-11-22,62627,405962,0,0,0,0,0,0,0,0,0,0,0,0,1,527,15,277729,225
2016-11-23,62699,403093,4,0,3,0,1,0,9.923268327656398e-6,0,4.784765307261679e-5,0,2.4808170819140994e-6,0,1,528,16,278784,256
2016-11-24,62788,401314,6,2,5,1,0,0,1.4950886338378427e-5,4.983628779459476e-6,7.963305090144613e-5,1.5926610180289226e-5,0,0,1,529,17,279841,289
2016-11-25,58408,366373,5,1,4,1,0,0,1.3647293878096911e-5,2.7294587756193826e-6,6.848376934666484e-5,1.712094233666621e-5,0,0,1,530,18,280900,324
2016-11-26,57716,390131,4,2,4,2,0,0,1.0252966311315942e-5,5.126483155657971e-6,6.930487213251092e-5,3.465243606625546e-5,0,0,1,531,19,281961,361
2016-11-27,57095,396104,2,1,1,1,0,0,5.049179003494032e-6,2.524589501747016e-6,1.751466853489798e-5,1.751466853489798e-5,0,0,1,532,20,283024,400
2016-11-28,62141,417366,6,3,6,3,0,0,1.4375871537211944e-5,7.187935768605972e-6,9.655460967799038e-5,4.827730483899519e-5,0,0,1,533,21,284089,441
2016-11-29,64187,439665,5,0,5,0,0,0,1.1372294815370794e-5,0,7.789739355321171e-5,0,0,0,1,534,22,285156,484
2016-11-30,64114,410078,9,3,3,2,1,0,2.1947044220855546e-5,7.315681406951848e-6,4.679165236921733e-5,3.1194434912811554e-5,2.4385604689839495e-6,0,1,535,23,286225,529
2016-12-01,62175,354488,10,1,5,1,0,0,2.8209699623118415e-5,2.8209699623118414e-6,8.041817450743868e-5,1.6083634901487736e-5,0,0,1,536,24,287296,576
2016-12-02,60694,339644,6,1,5,1,1,0,1.766555569949712e-5,2.94425928324952e-6,8.238046594391538e-5,1.6476093188783075e-5,2.94425928324952e-6,0,1,537,25,288369,625
2016-12-03,55658,298220,0,0,0,0,0,0,0,0,0,0,0,0,1,538,26,289444,676
2016-12-04,55836,310514,0,0,0,0,0,0,0,0,0,0,0,0,1,539,27,290521,729
2016-12-05,60572,327913,1,0,1,0,0,0,3.049589372790954e-6,0,1.6509278214356467e-5,0,0,0,1,540,28,291600,784
2016-12-06,61060,333575,4,0,3,0,0,0,1.1991306302930376e-5,0,4.9132001310186704e-5,0,0,0,1,541,29,292681,841
2016-12-07,61899,337611,14,4,11,4,0,0,4.1467843168617135e-5,1.1847955191033468e-5,1.777088482851096e-4,6.462139937640349e-5,0,0,1,542,30,293764,900
2016-12-08,60852,329772,1,0,1,0,0,0,3.032398141746419e-6,0,1.6433313613356997e-5,0,0,0,1,543,31,294849,961
2016-12-09,60870,333142,6,1,6,1,0,0,1.80103379339741e-5,3.0017229889956834e-6,9.857072449482504e-5,1.642845408247084e-5,0,0,1,544,32,295936,1024
2016-12-10,55301,294084,7,2,7,2,0,0,2.3802723031514804e-5,6.8007780090042304e-6,1.2657998951194372e-4,3.616571128912678e-5,0,0,1,545,33,297025,1089
2016-12-11,54984,304753,4,1,2,1,0,0,1.3125383507299353e-5,3.2813458768248384e-6,3.637421795431398e-5,1.818710897715699e-5,0,0,1,546,34,298116,1156
2016-12-12,60147,336147,2,0,2,0,0,0,5.949777924538966e-6,0,3.32518662609939e-5,0,0,0,1,547,35,299209,1225
2016-12-13,60637,333998,9,2,8,1,0,0,2.6946269139336163e-5,5.98805980874137e-6,1.3193264838300047e-4,1.649158104787506e-5,0,0,1,548,36,300304,1296
2016-12-14,61059,334866,8,0,8,0,0,0,2.3890153076155836e-5,0,1.3102081593213122e-4,0,0,0,1,549,37,301401,1369
2016-12-15,60650,329366,3,0,3,0,0,0,9.108408275292533e-6,0,4.94641384995878e-5,0,0,0,1,550,38,302500,1444
2016-12-16,59552,314087,6,2,5,1,0,0,1.9102987388844492e-5,6.367662462948164e-6,8.396023643202579e-5,1.679204728640516e-5,0,0,1,551,39,303601,1521
2016-12-17,54489,280858,7,1,3,1,0,0,2.4923626886184478e-5,3.5605181265977824e-6,5.505698397841766e-5,1.835232799280589e-5,0,0,1,552,40,304704,1600
2016-12-18,53752,293212,1,1,1,1,0,0,3.4105016165777664e-6,3.4105016165777664e-6,1.86039589224587e-5,1.86039589224587e-5,0,0,1,553,41,305809,1681
2016-12-19,58104,323100,0,0,0,0,0,0,0,0,0,0,0,0,1,554,42,306916,1764
2016-12-20,58261,321545,8,1,8,1,0,0,2.487987684460962e-5,3.1099846055762025e-6,1.3731312541837593e-4,1.716414067729699e-5,0,0,1,555,43,308025,1849
2016-12-21,58744,325883,1,0,1,0,0,0,3.0685859649015137e-6,0,1.7023015116437422e-5,0,0,0,1,556,44,309136,1936
2016-12-22,58640,320501,5,3,5,3,0,0,1.560057534921888e-5,9.360345209531327e-6,8.526603001364257e-5,5.1159618008185536e-5,0,0,1,557,45,310249,2025
2016-12-23,57725,317767,6,1,6,1,0,0,1.8881759276450985e-5,3.1469598794084973e-6,1.0394110004330879e-4,1.7323516673884798e-5,0,0,1,558,46,311364,2116
2016-12-24,55306,304362,1,0,1,0,0,0,3.2855612724321694e-6,0,1.8081220844031388e-5,0,0,0,1,559,47,312481,2209
2016-12-25,55580,303861,1,0,1,0,0,0,3.2909784408002344e-6,0,1.7992083483267364e-5,0,0,0,1,560,48,313600,2304
2016-12-26,53003,294012,1,0,1,0,0,0,3.4012217188414077e-6,0,1.8866856593023037e-5,0,0,0,1,561,49,314721,2401
2016-12-27,56226,324802,1,0,1,0,0,0,3.0787987758696068e-6,0,1.7785366200690072e-5,0,0,0,1,562,50,315844,2500
2016-12-28,56219,331451,5,2,4,1,1,0,1.5085186045599501e-5,6.0340744182398e-6,7.115032284458991e-5,1.7787580711147478e-5,3.0170372091199e-6,0,1,563,51,316969,2601
2016-12-29,57173,352410,5,1,5,1,0,0,1.4188019636219177e-5,2.8376039272438355e-6,8.745386808458538e-5,1.7490773616917075e-5,0,0,1,564,52,318096,2704
2016-12-30,56339,329380,1,1,1,1,0,0,3.036007043536341e-6,3.036007043536341e-6,1.7749693817781645e-5,1.7749693817781645e-5,0,0,1,565,53,319225,2809
2016-12-31,57862,362297,5,0,5,0,0,0,1.3800831914147786e-5,0,8.641249870381252e-5,0,0,0,1,566,54,320356,2916
2017-01-01,58856,330334,2,0,2,0,0,0,6.0544781947967816e-6,0,3.398124235422047e-5,0,0,0,1,567,55,321489,3025
2017-01-02,56112,332041,1,0,1,0,0,0,3.011676268894504e-6,0,1.7821499857428003e-5,0,0,0,1,568,56,322624,3136
2017-01-03,58763,357500,1,0,1,0,0,0,2.797202797202797e-6,0,1.7017511018838383e-5,0,0,0,1,569,57,323761,3249
2017-01-04,59355,353876,7,0,7,0,1,0,1.978094021634697e-5,0,1.1793446213461377e-4,0,2.825848602335281e-6,0,1,570,58,324900,3364
2017-01-05,60363,369558,7,1,4,1,0,0,1.8941546387847104e-5,2.705935198263872e-6,6.626575882577075e-5,1.6566439706442688e-5,0,0,1,571,59,326041,3481
2017-01-06,61019,381493,3,2,2,1,0,0,7.863840227736812e-6,5.242560151824542e-6,3.2776676117274946e-5,1.6388338058637473e-5,0,0,1,572,60,327184,3600
2017-01-07,55927,337411,0,0,0,0,0,0,0,0,0,0,0,0,1,573,61,328329,3721
2017-01-08,56079,350700,3,0,3,0,0,0,8.55431993156544e-6,0,5.349596105494035e-5,0,0,0,1,574,62,329476,3844
2017-01-09,61532,392326,1,0,1,0,0,0,2.5489006591457107e-6,0,1.6251706429175062e-5,0,0,0,1,575,63,330625,3969
2017-01-10,61995,383032,2,0,2,0,0,0,5.221495854132292e-6,0,3.226066618275668e-5,0,0,0,1,576,64,331776,4096
2017-01-11,63468,402924,1,0,1,0,0,0,2.4818576207920104e-6,0,1.5755971513203504e-5,0,0,0,1,577,65,332929,4225
2017-01-12,62416,378376,3,1,3,1,0,0,7.928621265619385e-6,2.6428737552064612e-6,4.806459882081518e-5,1.6021532940271725e-5,0,0,1,578,66,334084,4356
2017-01-13,61527,370859,1,0,1,0,0,0,2.6964425832998523e-6,0,1.6253027126302274e-5,0,0,0,1,579,67,335241,4489
2017-01-14,56626,342168,6,0,4,0,0,0,1.7535245844146734e-5,0,7.063892911383464e-5,0,0,0,1,580,68,336400,4624
2017-01-15,56596,359201,1,0,1,0,0,0,2.7839566148201146e-6,0,1.766909322213584e-5,0,0,0,1,581,69,337561,4761
2017-01-16,61284,390009,4,0,4,0,0,0,1.0256173575481592e-5,0,6.526989099928203e-5,0,0,0,1,582,70,338724,4900
2017-01-17,61493,378287,1,0,1,0,0,0,2.643495547031751e-6,0,1.626201356251931e-5,0,0,0,1,583,71,339889,5041
2017-01-18,61827,375360,5,1,5,1,0,0,1.3320545609548167e-5,2.6641091219096333e-6,8.08708169569929e-5,1.617416339139858e-5,0,0,1,584,72,341056,5184
2017-01-19,62622,388688,5,0,5,0,0,0,1.2863787922446796e-5,0,7.984414423046214e-5,0,0,0,1,585,73,342225,5329
2017-01-20,65747,442541,6,2,6,2,0,0,1.3558065806332068e-5,4.519355268777356e-6,9.12589167566581e-5,3.0419638918886034e-5,0,0,1,586,74,343396,5476
2017-01-21,60414,401913,6,1,6,1,0,0,1.4928603951601466e-5,2.4881006586002444e-6,9.931472837421789e-5,1.6552454729036316e-5,0,0,1,587,75,344569,5625
2017-01-22,60298,412291,1,0,1,0,0,0,2.4254713297161473e-6,0,1.6584297986666225e-5,0,0,0,1,588,76,345744,5776
2017-01-23,63053,402497,2,1,2,1,0,0,4.96898113526312e-6,2.48449056763156e-6,3.1719347215834297e-5,1.5859673607917148e-5,0,0,1,589,77,346921,5929
2017-01-24,63362,407771,2,0,2,0,1,0,4.904713675077433e-6,0,3.1564660206432876e-5,0,2.4523568375387164e-6,0,1,590,78,348100,6084
2017-01-25,65857,449514,13,0,4,0,0,0,2.8920122621319915e-5,0,6.073765886693897e-5,0,0,0,1,591,79,349281,6241
2017-01-26,65327,436641,4,2,4,2,0,0,9.160843805322908e-6,4.580421902661454e-6,6.123042539838046e-5,3.061521269919023e-5,0,0,1,592,80,350464,6400
2017-01-27,63561,420831,3,1,3,1,1,1,7.128752397042993e-6,2.3762507990143313e-6,4.7198753952895644e-5,1.573291798429855e-5,2.3762507990143313e-6,2.3762507990143313e-6,1,593,81,351649,6561
2017-01-28,59316,423156,7,2,7,2,0,0,1.6542362627494352e-5,4.726389322141244e-6,1.1801200350664239e-4,3.371771528761211e-5,0,0,1,594,82,352836,6724
2017-01-29,60117,450608,14,13,4,4,0,0,3.1069133259951e-5,2.8849909455668785e-5,6.653691967330373e-5,6.653691967330373e-5,0,0,1,595,83,354025,6889
2017-01-30,64410,470532,8,5,7,5,0,0,1.7002031742793263e-5,1.062626983924579e-5,1.0867877658748642e-4,7.76276975624903e-5,0,0,1,596,84,355216,7056
2017-01-31,64709,442653,3,1,3,1,1,0,6.777317673211296e-6,2.259105891070432e-6,4.6361402586966265e-5,1.545380086232209e-5,2.259105891070432e-6,0,1,597,85,356409,7225
2017-02-01,64892,441476,5,3,5,3,0,0,1.1325643976116482e-5,6.795386385669889e-6,7.705110028971214e-5,4.623066017382728e-5,0,0,1,598,86,357604,7396
2017-02-02,64462,432168,4,2,4,2,0,0,9.255659835989707e-6,4.627829917994854e-6,6.205206167974932e-5,3.102603083987466e-5,0,0,1,599,87,358801,7569
2017-02-03,63263,410439,4,1,4,1,0,0,9.745662571051971e-6,2.4364156427629927e-6,6.322811121824764e-5,1.580702780456191e-5,0,0,1,600,88,360000,7744
2017-02-04,58265,373447,2,0,2,0,0,0,5.355512294917351e-6,0,3.4325924654595385e-5,0,0,0,1,601,89,361201,7921
2017-02-05,58738,396655,2,0,2,0,0,0,5.042165105696386e-6,0,3.404950798460962e-5,0,0,0,1,602,90,362404,8100
2017-02-06,68830,523735,6,0,6,0,1,0,1.1456175355857447e-5,0,8.717129158797036e-5,0,1.9093625593095746e-6,0,1,603,91,363609,8281
2017-02-07,64049,437038,11,5,11,5,1,0,2.5169436067344258e-5,1.1440652757883754e-5,1.717435088760168e-4,7.806523130728037e-5,2.288130551576751e-6,0,1,604,92,364816,8464
2017-02-08,64381,439474,4,0,4,0,0,0,9.10178986697734e-6,0,6.213013156055358e-5,0,0,0,1,605,93,366025,8649
2017-02-09,64734,441623,3,2,3,2,1,1,6.793124452304341e-6,4.52874963486956e-6,4.6343498007229584e-5,3.0895665338153056e-5,2.26437481743478e-6,2.26437481743478e-6,1,606,94,367236,8836
2017-02-10,63705,428707,14,3,14,3,1,1,3.265633637892547e-5,6.9977863669126e-6,2.197629699395652e-4,4.709206498704968e-5,2.3325954556375334e-6,2.3325954556375334e-6,1,607,95,368449,9025
2017-02-11,58036,385215,7,2,7,2,0,0,1.8171670365899563e-5,5.1919058188284464e-6,1.2061479081949135e-4,3.446136880556896e-5,0,0,1,608,96,369664,9216
2017-02-12,56895,401854,2,1,2,1,0,0,4.9769319205482585e-6,2.4884659602741292e-6,3.515247385534757e-5,1.7576236927673785e-5,0,0,1,609,97,370881,9409
2017-02-13,63797,491903,5,2,5,2,0,0,1.0164605623466415e-5,4.065842249386566e-6,7.837359123469756e-5,3.134943649387902e-5,0,0,1,610,98,372100,9604
2017-02-14,66050,462098,3,0,2,0,0,0,6.492129375154188e-6,0,3.028009084027252e-5,0,0,0,1,611,99,373321,9801
2017-02-15,63582,429942,3,0,3,0,1,0,6.9776853622116475e-6,0,4.7183165046711336e-5,0,2.3258951207372157e-6,0,1,612,100,374544,10000
2017-02-16,63388,447710,6,1,6,1,0,0,1.3401532241852985e-5,2.2335887069754973e-6,9.465513977408973e-5,1.5775856629014956e-5,0,0,1,613,101,375769,10201
2017-02-17,63088,435136,1,0,1,0,0,0,2.298132078246801e-6,0,1.585087496829825e-5,0,0,0,1,614,102,376996,10404
2017-02-18,57560,400834,3,0,3,0,0,0,7.484395036349212e-6,0,5.211952744961779e-5,0,0,0,1,615,103,378225,10609
2017-02-19,56604,402616,5,1,5,1,0,0,1.2418781171140739e-5,2.483756234228148e-6,8.833298000141333e-5,1.7666596000282665e-5,0,0,1,616,104,379456,10816
2017-02-20,61482,442268,5,3,5,3,0,0,1.1305362359474347e-5,6.7832174156846075e-6,8.132461533456947e-5,4.879476920074168e-5,0,0,1,617,105,380689,11025
2017-02-21,62739,451620,3,1,3,1,0,0,6.642752756742394e-6,2.2142509189141313e-6,4.781714722899632e-5,1.5939049076332107e-5,0,0,1,618,106,381924,11236
2017-02-22,63567,471730,6,1,6,1,0,0,1.2719140186123418e-5,2.1198566976872365e-6,9.438859785737883e-5,1.5731432976229806e-5,0,0,1,619,107,383161,11449
2017-02-23,63903,467044,2,0,2,0,0,0,4.2822517792756145e-6,0,3.129743517518739e-5,0,0,0,1,620,108,384400,11664
2017-02-24,63452,465970,3,0,3,0,0,0,6.438182715625469e-6,0,4.727983357498582e-5,0,0,0,1,621,109,385641,11881
2017-02-25,57745,424443,4,3,2,1,0,0,9.42411584123192e-6,7.06808688092394e-6,3.4635033336219584e-5,1.7317516668109792e-5,0,0,1,622,110,386884,12100
2017-02-26,57092,427133,159,138,1,1,70,56,3.7224939304619407e-4,3.230843788702816e-4,1.7515588874097946e-5,1.7515588874097946e-5,1.6388338058637473e-4,1.3110670446909978e-4,1,623,111,388129,12321
2017-02-27,63786,507325,29,23,3,1,11,11,5.7162568373330706e-5,4.533583008919332e-5,4.703226413319537e-5,1.567742137773179e-5,2.1682353520918543e-5,2.1682353520918543e-5,1,624,112,389376,12544
2017-02-28,62563,465229,111,93,7,1,34,29,2.38592177185859e-4,1.9990155385842242e-4,1.1188721768457395e-4,1.5983888240653422e-5,7.308228850738023e-5,6.233489313864785e-5,1,625,113,390625,12769
2017-03-01,64694,491831,14,9,4,2,6,4,2.8465062185994783e-5,1.8298968548139504e-5,6.182953596933255e-5,3.0914767984666274e-5,1.2199312365426335e-5,8.132874910284223e-6,1,626,114,391876,12996
2017-03-02,63075,476116,8,2,6,2,1,0,1.6802627931008408e-5,4.200656982752102e-6,9.512485136741974e-5,3.1708283789139915e-5,2.100328491376051e-6,0,1,627,115,393129,13225
2017-03-03,62633,462403,25,20,3,1,7,6,5.4065393174352245e-5,4.3252314539481794e-5,4.789807290086696e-5,1.5966024300288984e-5,1.5138310088818627e-5,1.2975694361844539e-5,1,628,116,394384,13456
2017-03-04,57697,437180,1,0,1,0,0,0,2.287387346173201e-6,0,1.7331923670208157e-5,0,0,0,1,629,117,395641,13689
2017-03-05,56499,441481,21,16,6,2,5,4,4.756716597090249e-5,3.624165026354475e-5,1.0619656985079382e-4,3.5398856616931274e-5,1.1325515707357734e-5,9.060412565886188e-6,1,630,118,396900,13924
2017-03-06,61596,475984,3,0,3,0,0,0,6.302732864970251e-6,0,4.87044613286577e-5,0,0,0,1,631,119,398161,14161
2017-03-07,63191,499933,40,28,5,2,20,15,8.001072143667252e-5,5.600750500567076e-5,7.91251918785903e-5,3.165007675143612e-5,4.000536071833626e-5,3.0004020538752193e-5,1,632,120,399424,14400
2017-03-08,66071,520955,11,0,9,0,0,0,2.1115067520227274e-5,0,1.3621709978659321e-4,0,0,0,1,633,121,400689,14641
2017-03-09,63368,492592,36,17,13,1,6,5,7.30827946860688e-5,3.451131971286582e-5,2.0515086478979926e-4,1.578083575306148e-5,1.2180465781011466e-5,1.0150388150842887e-5,1,634,122,401956,14884
2017-03-10,60913,453456,10,1,9,1,0,0,2.2052856285946156e-5,2.2052856285946157e-6,1.4775171145732437e-4,1.6416856828591598e-5,0,0,1,635,123,403225,15129
2017-03-11,54232,362207,3,1,3,1,0,0,8.282556659589683e-6,2.7608522198632275e-6,5.531789349461572e-5,1.8439297831538577e-5,0,0,1,636,124,404496,15376
2017-03-12,51956,312121,1,0,1,0,1,0,3.203885672543661e-6,0,1.9247055200554316e-5,0,3.203885672543661e-6,0,1,637,125,405769,15625
2017-03-13,54864,287908,3,0,3,0,0,0,1.0419995276268808e-5,0,5.468066491688539e-5,0,0,0,1,638,126,407044,15876
2017-03-14,56374,291959,3,1,3,1,1,0,1.0275415383666885e-5,3.425138461222295e-6,5.321602157022741e-5,1.773867385674247e-5,3.425138461222295e-6,0,1,639,127,408321,16129
2017-03-15,56421,290283,2,0,2,0,0,0,6.88982820213378e-6,0,3.544779426100211e-5,0,0,0,1,640,128,409600,16384
2017-03-16,56397,290197,0,0,0,0,0,0,0,0,0,0,0,0,1,641,129,410881,16641
2017-03-17,56523,279214,3,0,3,0,1,0,1.074444691168781e-5,0,5.3075739079666685e-5,0,3.5814823038959366e-6,0,1,642,130,412164,16900
2017-03-18,51292,259169,3,1,3,1,0,0,1.1575458484618145e-5,3.858486161539382e-6,5.8488653201278955e-5,1.949621773375965e-5,0,0,1,643,131,413449,17161
2017-03-19,51055,262745,1,1,1,1,0,0,3.8059715693923767e-6,3.8059715693923767e-6,1.958672020370189e-5,1.958672020370189e-5,0,0,1,644,132,414736,17424
2017-03-20,55930,290379,5,0,5,0,0,0,1.7218876020648877e-5,0,8.939746111210442e-5,0,0,0,1,645,133,416025,17689
2017-03-21,54944,287698,1,0,1,0,0,0,3.475867055036879e-6,0,1.8200349446709377e-5,0,0,0,1,646,134,417316,17956
2017-03-22,55574,292637,4,2,4,2,0,0,1.3668811531009407e-5,6.8344057655047035e-6,7.197610393349408e-5,3.598805196674704e-5,0,0,1,647,135,418609,18225
2017-03-23,55677,297165,3,1,2,1,0,0,1.0095401544596436e-5,3.365133848198812e-6,3.592147565421987e-5,1.7960737827109936e-5,0,0,1,648,136,419904,18496
2017-03-24,55416,291073,1,0,1,0,0,0,3.435564274254225e-6,0,1.8045329868629998e-5,0,0,0,1,649,137,421201,18769
2017-03-25,51413,258483,2,0,2,0,0,0,7.737452753179126e-6,0,3.890066714644156e-5,0,0,0,1,650,138,422500,19044
2017-03-26,49830,250912,2,0,2,0,1,0,7.970922076265783e-6,0,4.013646397752358e-5,0,3.9854610381328915e-6,0,1,651,139,423801,19321
2017-03-27,54451,274029,3,0,3,0,0,0,1.0947746406402242e-5,0,5.5095406879579806e-5,0,0,0,1,652,140,425104,19600
2017-03-28,55532,284914,2,0,2,0,0,0,7.019662073467783e-6,0,3.601527047468127e-5,0,0,0,1,653,141,426409,19881
2017-03-29,55309,282081,2,0,2,0,0,0,7.0901620456535534e-6,0,3.6160480211177205e-5,0,0,0,1,654,142,427716,20164
2017-03-30,55533,285442,2,0,2,0,0,0,7.006677363527442e-6,0,3.601462193650622e-5,0,0,0,1,655,143,429025,20449
2017-03-31,55701,281462,1,1,1,1,0,0,3.552877475467381e-6,3.552877475467381e-6,1.795299904849105e-5,1.795299904849105e-5,0,0,1,656,144,430336,20736
2017-04-01,51374,255557,3,0,3,0,0,0,1.1739064083550833e-5,0,5.839529723206291e-5,0,0,0,1,657,145,431649,21025
2017-04-02,49732,253907,1,0,1,0,0,0,3.938449904886434e-6,0,2.0107777688409878e-5,0,0,0,1,658,146,432964,21316
2017-04-03,55809,291949,0,0,0,0,0,0,0,0,0,0,0,0,1,659,147,434281,21609
2017-04-04,56517,297577,1,0,1,0,0,0,3.3604747678752056e-6,0,1.7693791248650847e-5,0,0,0,1,660,148,435600,21904
2017-04-05,56636,296445,2,0,1,0,0,0,6.746614043077131e-6,0,1.765661416766721e-5,0,0,0,1,661,149,436921,22201
2017-04-06,56284,290058,5,1,5,1,1,0,1.7237931724000027e-5,3.4475863448000055e-6,8.883519295003908e-5,1.7767038590007818e-5,3.4475863448000055e-6,0,1,662,150,438244,22500
2017-04-07,57211,303650,1,0,1,0,0,0,3.293265272517701e-6,0,1.7479156106343187e-5,0,0,0,1,663,151,439569,22801
2017-04-08,50239,247568,1,0,1,0,1,0,4.039294254507852e-6,0,1.9904854794084278e-5,0,4.039294254507852e-6,0,1,664,152,440896,23104
2017-04-09,49298,249532,2,0,2,0,0,0,8.015004087652085e-6,0,4.056959714390036e-5,0,0,0,1,665,153,442225,23409
2017-04-10,54766,280092,5,0,5,0,0,0,1.785127743741342e-5,0,9.129752035934705e-5,0,0,0,1,666,154,443556,23716
2017-04-11,56351,299987,2,0,2,0,0,0,6.6669555680746165e-06,0,3.549182800660148e-5,0,0,0,1,667,155,444889,24025
2017-04-12,56615,300909,23,0,20,0,0,0,7.643506840938622e-5,0,3.5326326945155876e-4,0,0,0,1,668,156,446224,24336
2017-04-13,55798,292327,19,0,19,0,0,0,6.499570686252039e-5,0,3.4051399691745226e-4,0,0,0,1,669,157,447561,24649
2017-04-14,54330,284906,8,0,6,0,0,0,2.8079436726499267e-5,0,1.1043622308117063e-4,0,0,0,1,670,158,448900,24964
2017-04-15,49713,257644,1,0,1,0,0,0,3.88132461846579e-6,0,2.0115462756220705e-5,0,0,0,1,671,159,450241,25281
2017-04-16,51261,276039,1,0,1,0,0,0,3.6226765058560567e-6,0,1.950800803729931e-5,0,0,0,1,672,160,451584,25600
2017-04-17,53821,292575,2,0,2,0,0,0,6.835854054515936e-6,0,3.7160216272458706e-5,0,0,0,1,673,161,452929,25921
2017-04-18,56541,315627,2,0,2,0,0,0,6.336593510694586e-6,0,3.5372561504041315e-5,0,0,0,1,674,162,454276,26244
2017-04-19,57374,322827,11,0,8,0,0,0,3.407397770322805e-5,0,1.3943598145501446e-4,0,0,0,1,675,163,455625,26569
2017-04-20,57618,317332,4,0,4,0,0,0,1.2605094979390669e-5,0,6.942274983512097e-5,0,0,0,1,676,164,456976,26896
2017-04-21,55727,299812,11,1,11,1,0,0,3.668965885288114e-5,3.3354235320801036e-6,1.9739085183124877e-4,1.794462289374989e-5,0,0,1,677,165,458329,27225
2017-04-22,51644,274301,10,0,9,0,0,0,3.6456301654022404e-5,0,1.7427000232360002e-4,0,0,0,1,678,166,459684,27556
2017-04-23,50736,286052,2,0,2,0,0,0,6.991735768321843e-6,0,3.941974140649637e-5,0,0,0,1,679,167,461041,27889
2017-04-24,55077,300141,4,1,4,1,0,0,1.3327069610616343e-5,3.3317674026540858e-6,7.262559689162446e-5,1.8156399222906114e-5,0,0,1,680,168,462400,28224
2017-04-25,56289,311268,0,0,0,0,0,0,0,0,0,0,0,0,1,681,169,463761,28561
2017-04-26,57432,323893,5,2,5,2,0,0,1.5437196852046817e-5,6.174878740818727e-6,8.705947903607744e-5,3.482379161443098e-5,0,0,1,682,170,465124,28900
2017-04-27,56544,314158,20,0,17,0,0,0,6.366223365312995e-5,0,3.0065082059988683e-4,0,0,0,1,683,171,466489,29241
2017-04-28,57124,325950,10,1,10,1,1,0,3.067955207853965e-5,3.0679552078539654e-6,1.7505776906379106e-4,1.7505776906379107e-5,3.0679552078539654e-6,0,1,684,172,467856,29584
2017-04-29,51172,282841,3,0,3,0,0,0,1.0606665935985236e-5,0,5.862581099038537e-5,0,0,0,1,685,173,469225,29929
2017-04-30,50009,276153,6,1,6,1,0,0,2.1727086071851473e-5,3.6211810119752458e-6,1.1997840388730028e-4,1.9996400647883383e-5,0,0,1,686,174,470596,30276
2017-05-01,55071,316937,3,0,3,0,0,0,9.46560357421191e-6,0,5.447513210219535e-5,0,0,0,1,687,175,471969,30625
2017-05-02,56879,332085,2,0,2,0,0,0,6.022554466476956e-6,0,3.51623622074931e-5,0,0,0,1,688,176,473344,30976
2017-05-03,57753,338953,5,1,5,1,0,0,1.475130770342791e-5,2.950261540685582e-6,8.657558914688414e-5,1.731511782937683e-5,0,0,1,689,177,474721,31329
2017-05-04,58647,354857,0,0,0,0,0,0,0,0,0,0,0,0,1,690,178,476100,31684
2017-05-05,57180,325242,7,0,7,0,0,0,2.1522435601798045e-5,0,1.2242042672263028e-4,0,0,0,1,691,179,477481,32041
2017-05-06,50755,284656,6,0,6,0,1,0,2.107807318307009e-5,0,1.1821495419170525e-4,0,3.5130121971783485e-6,0,1,692,180,478864,32400
2017-05-07,50521,290359,2,0,2,0,0,0,6.888024824441467e-6,0,3.958749826804695e-5,0,0,0,1,693,181,480249,32761
2017-05-08,55361,319822,2,1,2,1,0,0,6.253478497414187e-6,3.1267392487070935e-6,3.612651505572515e-5,1.8063257527862574e-5,0,0,1,694,182,481636,33124
2017-05-09,56478,339222,1,0,1,0,0,0,2.9479220097753095e-6,0,1.7706009419597012e-5,0,0,0,1,695,183,483025,33489
2017-05-10,58764,362392,6,0,6,0,0,0,1.6556656879842823e-5,0,1.0210332856851133e-4,0,0,0,1,696,184,484416,33856
2017-05-11,56724,333670,5,0,4,0,0,0,1.4984865286061079e-5,0,7.051688879486637e-5,0,0,0,1,697,185,485809,34225
2017-05-12,56102,330206,4,1,4,1,0,0,1.2113650266803148e-5,3.028412566700787e-6,7.12987059284874e-5,1.782467648212185e-5,0,0,1,698,186,487204,34596
2017-05-13,50316,289944,4,0,4,0,0,0,1.379576745854372e-5,0,7.949757532395262e-5,0,0,0,1,699,187,488601,34969
2017-05-14,50775,294360,1,0,1,0,0,0,3.397200706617747e-6,0,1.9694731659281143e-5,0,0,0,1,700,188,490000,35344
2017-05-15,53316,310317,2,0,2,0,0,0,6.445022348114992e-6,0,3.751219146222522e-5,0,0,0,1,701,189,491401,35721
2017-05-16,55839,349424,4,1,4,1,1,0,1.1447410595723248e-5,2.861852648930812e-6,7.163452067551353e-5,1.7908630168878382e-5,2.861852648930812e-6,0,1,702,190,492804,36100
2017-05-17,55874,352197,4,0,3,0,1,0,1.1357280158547631e-5,0,5.369223610265955e-5,0,2.839320039636908e-6,0,1,703,191,494209,36481
2017-05-18,57251,354948,0,0,0,0,0,0,0,0,0,0,0,0,1,704,192,495616,36864
2017-05-19,54158,323280,2,0,2,0,0,0,6.186587478346944e-6,0,3.692898556076665e-5,0,0,0,1,705,193,497025,37249
2017-05-20,50786,311511,3,0,3,0,1,0,9.630478538478577e-6,0,5.907139762926791e-5,0,3.2101595128261924e-6,0,1,706,194,498436,37636
2017-05-21,50047,329898,1,0,1,0,0,0,3.0312399590176357e-6,0,1.998121765540392e-5,0,0,0,1,707,195,499849,38025
2017-05-22,55062,362875,2,0,2,0,0,0,5.511539786427834e-6,0,3.6322690784933346e-5,0,0,0,1,708,196,501264,38416
2017-05-23,57814,384409,3,0,3,0,1,0,7.80418772713438e-6,0,5.189054554260214e-5,0,2.6013959090447933e-6,0,1,709,197,502681,38809
2017-05-24,56994,364802,3,0,3,0,0,0,8.2236391247855e-6,0,5.2637119696810194e-5,0,0,0,1,710,198,504100,39204
2017-05-25,56445,351284,1,0,1,0,0,0,2.8466995365573153e-6,0,1.771636105943839e-5,0,0,0,1,711,199,505521,39601
2017-05-26,56442,359189,1,0,1,0,0,0,2.7840496229004788e-6,0,1.7717302717834235e-5,0,0,0,1,712,200,506944,40000
2017-05-27,49889,313333,4,2,4,2,0,0,1.2765971027628753e-5,6.3829855138143764e-6,8.017799514923129e-5,4.0088997574615646e-5,0,0,1,713,201,508369,40401
2017-05-28,48835,313843,2,1,2,1,0,0,6.3726130581214174e-6,3.1863065290607087e-6,4.095423364390294e-5,2.047711682195147e-5,0,0,1,714,202,509796,40804
2017-05-29,52364,331803,2,0,2,0,0,0,6.027673046958587e-6,0,3.819417920708884e-5,0,0,0,1,715,203,511225,41209
2017-05-30,54481,351475,2,0,2,0,0,0,5.690305142613273e-6,0,3.67100457040069e-5,0,0,0,1,716,204,512656,41616
2017-05-31,56573,373017,5,0,5,0,0,0,1.3404214821308412e-5,0,8.838138334541213e-5,0,0,0,1,717,205,514089,42025
2017-06-01,58021,383400,5,0,5,0,0,0,1.3041210224308816e-5,0,8.617569500698024e-5,0,0,0,1,718,206,515524,42436
2017-06-02,57593,380058,3,1,3,1,0,0,7.89353203984655e-6,2.6311773466155165e-6,5.208966367440488e-5,1.7363221224801627e-5,0,0,1,719,207,516961,42849
2017-06-03,52111,347447,2,1,2,1,0,0,5.7562736187101915e-6,2.8781368093550957e-6,3.837961274970736e-5,1.918980637485368e-5,0,0,1,720,208,518400,43264
2017-06-04,51322,356314,5,1,5,1,1,1,1.4032566780985311e-5,2.806513356197062e-6,9.742410662094228e-5,1.9484821324188458e-5,2.806513356197062e-6,2.806513356197062e-6,1,721,209,519841,43681
2017-06-05,56224,379937,4,0,4,0,0,0,1.0528061231204121e-5,0,7.11439954467843e-5,0,0,0,1,722,210,521284,44100
2017-06-06,55907,371068,6,1,6,1,0,0,1.6169543048713443e-5,2.6949238414522404e-6,1.0732108680487238e-4,1.788684780081206e-5,0,0,1,723,211,522729,44521
2017-06-07,56325,373600,4,0,3,0,0,0,1.0706638115631692e-5,0,5.326231691078562e-5,0,0,0,1,724,212,524176,44944
2017-06-08,57932,416009,3,0,3,0,1,0,7.21138244605285e-6,0,5.1784851204860873e-5,0,2.4037941486842833e-6,0,1,725,213,525625,45369
2017-06-09,56038,383644,7,0,7,0,0,0,1.8246082305470698e-5,0,1.249152360897962e-4,0,0,0,1,726,214,527076,45796
2017-06-10,51564,356334,2,0,2,0,0,0,5.612711669388832e-6,0,3.878675044604763e-5,0,0,0,1,727,215,528529,46225
2017-06-11,49211,333183,2,0,1,0,0,0,6.002707220956651e-6,0,2.032066001503729e-5,0,0,0,1,728,216,529984,46656
2017-06-12,55243,382150,2,0,1,0,0,0,5.2335470365039904e-6,0,1.810184095722535e-5,0,0,0,1,729,217,531441,47089
2017-06-13,58211,443377,3,0,3,0,0,0,6.766250842962084e-6,0,5.1536651148408375e-5,0,0,0,1,730,218,532900,47524
2017-06-14,57974,416238,4,0,4,0,0,0,9.609886651386947e-6,0,6.899644668299582e-5,0,0,0,1,731,219,534361,47961
2017-06-15,57320,408081,6,2,5,1,0,0,1.4702963382269696e-5,4.900987794089899e-6,8.722958827634333e-5,1.7445917655268667e-5,0,0,1,732,220,535824,48400
