date,hillary_tpd,trump_tpd,hillary_upd,trump_upd,freq,freq_hate,freq_upd,freq_upd_hate,freq_rt,freq_rt_hate,norm,norm_hate,norm_upd,norm_upd_hate,norm_rt,norm_rt_hate,election,date_num,slope_change,date_num2,slope_change2
2015-06-17,45130,185869,27121,123308,0,0,0,0,0,0,0,0,0,0,0,0,0,1,0,1,0
2015-06-18,34157,239572,22442,155849,0,0,0,0,0,0,0,0,0,0,0,0,0,2,0,4,0
2015-06-19,34370,158757,20666,106903,0,0,0,0,0,0,0,0,0,0,0,0,0,3,0,9,0
2015-06-20,35238,124724,22292,93928,0,0,0,0,0,0,0,0,0,0,0,0,0,4,0,16,0
2015-06-21,26170,71790,16831,52531,0,0,0,0,0,0,0,0,0,0,0,0,0,5,0,25,0
2015-06-22,25385,62404,16279,45764,0,0,0,0,0,0,0,0,0,0,0,0,0,6,0,36,0
2015-06-23,38508,50630,24771,38703,0,0,0,0,0,0,0,0,0,0,0,0,0,7,0,49,0
2015-06-24,40162,59852,27105,44742,0,0,0,0,0,0,0,0,0,0,0,0,0,8,0,64,0
2015-06-25,34803,173344,23551,106682,0,0,0,0,0,0,0,0,0,0,0,0,0,9,0,81,0
2015-06-26,75397,179412,54932,111224,0,0,0,0,0,0,0,0,0,0,0,0,0,10,0,100,0
2015-06-27,28821,141857,19520,91458,0,0,0,0,0,0,0,0,0,0,0,0,0,11,0,121,0
2015-06-28,23059,96840,15879,67562,0,0,0,0,0,0,0,0,0,0,0,0,0,12,0,144,0
2015-06-29,22700,250334,15331,150343,0,0,0,0,0,0,0,0,0,0,0,0,0,13,0,169,0
2015-06-30,29971,310688,19639,183127,0,0,0,0,0,0,0,0,0,0,0,0,0,14,0,196,0
2015-07-01,65931,307686,38559,181455,0,0,0,0,0,0,0,0,0,0,0,0,0,15,0,225,0
2015-07-02,37549,315123,22851,181043,0,0,0,0,0,0,0,0,0,0,0,0,0,16,0,256,0
2015-07-03,26941,227649,16344,144096,0,0,0,0,0,0,0,0,0,0,0,0,0,17,0,289,0
2015-07-04,28085,163256,17990,95956,0,0,0,0,0,0,0,0,0,0,0,0,0,18,0,324,0
2015-07-05,42871,161806,27816,96182,0,0,0,0,0,0,0,0,0,0,0,0,0,19,0,361,0
2015-07-06,48807,182295,32500,115760,0,0,0,0,0,0,0,0,0,0,0,0,0,20,0,400,0
2015-07-07,50563,207599,30675,124396,0,0,0,0,0,0,0,0,0,0,0,0,0,21,0,441,0
2015-07-08,33410,129766,21113,76623,0,0,0,0,0,0,0,0,0,0,0,0,0,22,0,484,0
2015-07-09,48459,266406,29987,136579,0,0,0,0,0,0,0,0,0,0,0,0,0,23,0,529,0
2015-07-10,32645,209770,20957,111370,0,0,0,0,0,0,0,0,0,0,0,0,0,24,0,576,0
2015-07-11,27423,191932,18425,87589,0,0,0,0,0,0,0,0,0,0,0,0,0,25,0,625,0
2015-07-12,30896,259211,18649,135275,0,0,0,0,0,0,0,0,0,0,0,0,0,26,0,676,0
2015-07-13,77414,355705,43882,206020,0,0,0,0,0,0,0,0,0,0,0,0,0,27,0,729,0
2015-07-14,53012,273404,33358,168274,0,0,0,0,0,0,0,0,0,0,0,0,0,28,0,784,0
2015-07-15,35045,212582,22628,129561,0,0,0,0,0,0,0,0,0,0,0,0,0,29,0,841,0
2015-07-16,37794,170257,22246,105287,0,0,0,0,0,0,0,0,0,0,0,0,0,30,0,900,0
2015-07-17,32342,234700,19750,151274,0,0,0,0,0,0,0,0,0,0,0,0,0,31,0,961,0
2015-07-18,28092,324246,17253,166728,0,0,0,0,0,0,0,0,0,0,0,0,0,32,0,1024,0
2015-07-19,27413,298763,16872,155182,0,0,0,0,0,0,0,0,0,0,0,0,0,33,0,1089,0
2015-07-20,33338,318564,21324,161569,0,0,0,0,0,0,0,0,0,0,0,0,0,34,0,1156,0
2015-07-21,39843,374953,24665,184864,0,0,0,0,0,0,0,0,0,0,0,0,0,35,0,1225,0
2015-07-22,34716,306448,20668,164409,0,0,0,0,0,0,0,0,0,0,0,0,0,36,0,1296,0
2015-07-23,35992,364702,22064,196448,0,0,0,0,0,0,0,0,0,0,0,0,0,37,0,1369,0
2015-07-24,68715,232124,37693,135070,0,0,0,0,0,0,0,0,0,0,0,0,0,38,0,1444,0
2015-07-25,45930,152287,26064,84262,0,0,0,0,0,0,0,0,0,0,0,0,0,39,0,1521,0
2015-07-26,38208,160889,22016,83248,0,0,0,0,0,0,0,0,0,0,0,0,0,40,0,1600,0
2015-07-27,50538,172456,27059,96164,0,0,0,0,0,0,0,0,0,0,0,0,0,41,0,1681,0
2015-07-28,48681,243883,27338,130794,0,0,0,0,0,0,0,0,0,0,0,0,0,42,0,1764,0
2015-07-29,46032,207382,28268,115840,1,0,1,0,0,0,2.172401807438304e-5,0,3.537568982595161e-5,0,0,0,0,43,0,1849,0
2015-07-30,47933,195376,28278,111224,0,0,0,0,0,0,0,0,0,0,0,0,0,44,0,1936,0
2015-07-31,68357,149325,35929,87855,0,0,0,0,0,0,0,0,0,0,0,0,0,45,0,2025,0
2015-08-01,46782,106443,26290,63909,0,0,0,0,0,0,0,0,0,0,0,0,0,46,0,2116,0
2015-08-02,30816,125589,17396,73272,0,0,0,0,0,0,0,0,0,0,0,0,0,47,0,2209,0
2015-08-03,47311,156202,28883,86724,1,0,1,0,0,0,2.1136733529200396e-5,0,3.462244226707752e-5,0,0,0,0,48,0,2304,0
2015-08-04,41912,212702,26816,122672,0,0,0,0,0,0,0,0,0,0,0,0,0,49,0,2401,0
2015-08-05,56559,189473,33200,107461,0,0,0,0,0,0,0,0,0,0,0,0,0,50,0,2500,0
2015-08-06,21869,112618,14146,68662,0,0,0,0,0,0,0,0,0,0,0,0,0,51,0,2601,0
2015-08-07,140586,1052480,94392,494723,0,0,0,0,0,0,0,0,0,0,0,0,0,52,0,2704,0
2015-08-08,43934,576309,28079,244205,0,0,0,0,0,0,0,0,0,0,0,0,0,53,0,2809,0
2015-08-09,37119,416290,23818,181172,0,0,0,0,0,0,0,0,0,0,0,0,0,54,0,2916,0
2015-08-10,56219,379323,34450,178963,0,0,0,0,0,0,0,0,0,0,0,0,0,55,0,3025,0
2015-08-11,77109,371747,46525,176163,0,0,0,0,0,0,0,0,0,0,0,0,0,56,0,3136,0
2015-08-12,124915,301292,71138,153464,0,0,0,0,0,0,0,0,0,0,0,0,0,57,0,3249,0
2015-08-13,74958,212582,40768,113107,0,0,0,0,0,0,0,0,0,0,0,0,0,58,0,3364,0
2015-08-14,66089,182053,35733,100229,0,0,0,0,0,0,0,0,0,0,0,0,0,59,0,3481,0
2015-08-15,58780,186967,30711,93845,0,0,0,0,0,0,0,0,0,0,0,0,0,60,0,3600,0
2015-08-16,48977,245755,28000,112683,0,0,0,0,0,0,0,0,0,0,0,0,0,61,0,3721,0
2015-08-17,60472,291678,32375,135884,0,0,0,0,0,0,0,0,0,0,0,0,0,62,0,3844,0
2015-08-18,80689,326460,44419,164851,0,0,0,0,0,0,0,0,0,0,0,0,0,63,0,3969,0
2015-08-19,91267,307124,50501,164673,2,0,2,0,0,0,2.1913725662068438e-5,0,3.960317617472921e-5,0,0,0,0,64,0,4096,0
2015-08-20,79602,393088,49828,206136,697,1,690,1,663,0,0.008756061405492324,1.2562498429687696e-5,0.0138476358673838,2.006903748896203e-5,0.008328936458882942,0,0,65,0,4225,0
2015-08-21,58737,334594,34247,173852,665,1,660,1,627,0,0.011321654153259446,1.7025043839487888e-5,0.019271761030163224,2.9199637924489735e-5,0.010674702487358904,0,0,66,0,4356,0
2015-08-22,37305,392028,22426,193249,423,1,414,1,410,0,0.011338962605548853,2.6806058169146228e-5,0.018460715241237848,4.459109961651654e-5,0.010990483849349954,0,0,67,0,4489,0
2015-08-23,33811,299780,20160,174616,134,0,132,0,133,0,0.003963207240247257,0,0.006547619047619048,0,0.003933631066812575,0,0,68,0,4624,0
2015-08-24,46322,290128,28755,168661,47,0,47,0,45,0,0.0010146366737187513,0,0.0016344983481133715,0,9.714606450498683e-4,0,0,69,0,4761,0
2015-08-25,46050,490234,28307,238574,27,0,27,0,22,0,5.863192182410424e-4,0,9.538276751333592e-4,0,4.777415852334419e-4,0,0,70,0,4900,0
2015-08-26,61269,1051509,39245,517531,8,0,8,0,6,0,1.3057174101095172e-4,0,2.038476239011339e-4,0,9.792880575821377e-5,0,0,71,0,5041,0
2015-08-27,67194,687001,40174,407793,8,0,8,0,5,0,1.190582492484448e-4,0,1.9913376810872703e-4,0,7.441140578027801e-5,0,0,72,0,5184,0
2015-08-28,62581,536163,34515,317011,8,1,8,1,5,0,1.278343267125805e-4,1.5979290839072563e-5,2.3178328263074026e-4,2.8972910328842533e-5,7.989645419536281e-5,0,0,73,0,5329,0
2015-08-29,46841,436020,27662,267253,45,0,44,0,44,0,9.606968254307124e-4,0,0.0015906297447762273,0,9.393480070878077e-4,0,0,74,0,5476,0
2015-08-30,39907,393799,24722,257159,8,0,8,0,8,0,2.004660836444734e-4,0,3.235984143677696e-4,0,2.004660836444734e-4,0,0,75,0,5625,0
2015-08-31,45882,664218,28950,447710,4,0,4,0,4,0,8.718015779608561e-5,0,1.381692573402418e-4,0,8.718015779608561e-5,0,0,76,0,5776,0
2015-09-01,77933,386534,45039,237185,13,0,13,0,13,0,1.6680995213837527e-4,0,2.886387353182797e-4,0,1.6680995213837527e-4,0,0,77,0,5929,0
2015-09-02,52054,318191,30357,191271,3,0,3,0,1,0,5.7632458600683904e-5,0,9.882399446585631e-5,0,1.92108195335613e-5,0,0,78,0,6084,0
2015-09-03,56959,366476,33992,203184,8,0,8,0,8,0,1.4045190400112362e-4,0,2.353494939985879e-4,0,1.4045190400112362e-4,0,0,79,0,6241,0
2015-09-04,54162,338103,32116,178916,5,0,5,0,5,0,9.231564565562571e-5,0,1.556856395566073e-4,0,9.231564565562571e-5,0,0,80,0,6400,0
2015-09-05,50703,288003,29264,160448,0,0,0,0,0,0,0,0,0,0,0,0,0,81,0,6561,0
2015-09-06,46855,271221,30185,157369,1,0,1,0,0,0,2.1342439440828086e-5,0,3.312903760145768e-5,0,0,0,0,82,0,6724,0
2015-09-07,47394,260186,30707,145843,87,0,87,0,87,0,0.001835675401949614,0,0.002833230208095874,0,0.001835675401949614,0,0,83,0,6889,0
2015-09-08,74103,235438,41031,135296,2,0,2,0,1,0,2.6989460615629598e-5,0,4.8743632862957275e-5,0,1.3494730307814799e-5,0,0,84,0,7056,0
2015-09-09,84067,279961,44634,153343,1,0,1,0,1,0,1.1895274007636766e-5,0,2.240444504189631e-5,0,1.1895274007636766e-5,0,0,85,0,7225,0
2015-09-10,65792,359705,40585,180867,0,0,0,0,0,0,0,0,0,0,0,0,0,86,0,7396,0
2015-09-11,50068,279174,30697,153329,0,0,0,0,0,0,0,0,0,0,0,0,0,87,0,7569,0
2015-09-12,36515,261369,20594,138363,0,0,0,0,0,0,0,0,0,0,0,0,0,88,0,7744,0
2015-09-13,36934,219094,21165,121043,0,0,0,0,0,0,0,0,0,0,0,0,0,89,0,7921,0
2015-09-14,51166,277761,28461,153159,0,0,0,0,0,0,0,0,0,0,0,0,0,90,0,8100,0
2015-09-15,44794,368745,26137,175044,2,1,2,1,0,0,4.4648836897798814e-5,2.2324418448899407e-5,7.651987603780082e-5,3.825993801890041e-5,0,0,0,91,0,8281,0
2015-09-16,43386,445836,28299,212957,1,0,1,0,1,0,2.3048909786567094e-5,0,3.533693770097883e-5,0,2.3048909786567094e-5,0,0,92,0,8464,0
2015-09-17,128572,1054329,77606,558932,2,0,2,0,0,0,1.5555486420060354e-5,0,2.5771203257480092e-5,0,0,0,0,93,0,8649,0
2015-09-18,59533,462386,34934,238661,1,0,1,0,0,0,1.679740648043942e-5,0,2.8625407912062748e-5,0,0,0,0,94,0,8836,0
2015-09-19,44477,374089,25368,190185,0,0,0,0,0,0,0,0,0,0,0,0,0,95,0,9025,0
2015-09-20,42243,314414,24853,178744,0,0,0,0,0,0,0,0,0,0,0,0,0,96,0,9216,0
2015-09-21,43784,309049,26492,164727,0,0,0,0,0,0,0,0,0,0,0,0,0,97,0,9409,0
2015-09-22,60804,192200,36774,104860,1,0,1,0,1,0,1.6446286428524438e-5,0,2.7193125577853917e-5,0,1.6446286428524438e-5,0,0,98,0,9604,0
2015-09-23,69925,283563,39997,143540,1,0,1,0,0,0,1.4301036825169825e-5,0,2.5001875140635547e-5,0,0,0,0,99,0,9801,0
2015-09-24,45519,291339,27963,140480,0,0,0,0,0,0,0,0,0,0,0,0,0,100,0,10000,0
2015-09-25,47707,311789,28700,193143,0,0,0,0,0,0,0,0,0,0,0,0,0,101,0,10201,0
2015-09-26,36023,204198,21452,112429,1,0,1,0,0,0,2.7760042195264137e-5,0,4.661570016781652e-5,0,0,0,0,102,0,10404,0
2015-09-27,43024,180508,24930,101933,0,0,0,0,0,0,0,0,0,0,0,0,0,103,0,10609,0
2015-09-28,47954,242208,28334,117896,0,0,0,0,0,0,0,0,0,0,0,0,0,104,0,10816,0
2015-09-29,44583,223591,26377,120780,0,0,0,0,0,0,0,0,0,0,0,0,0,105,0,11025,0
2015-09-30,64384,263662,32151,144049,0,0,0,0,0,0,0,0,0,0,0,0,0,106,0,11236,0
2015-10-01,84716,210753,40705,124284,0,0,0,0,0,0,0,0,0,0,0,0,0,107,0,11449,0
2015-10-02,47746,177995,30092,107534,0,0,0,0,0,0,0,0,0,0,0,0,0,108,0,11664,0
2015-10-03,51006,179500,28064,93033,0,0,0,0,0,0,0,0,0,0,0,0,0,109,0,11881,0
2015-10-04,69899,216946,41333,112407,1,0,1,0,0,0,1.430635631411036e-5,0,2.4193743497931435e-5,0,0,0,0,110,0,12100,0
2015-10-05,77006,188903,40811,107893,0,0,0,0,0,0,0,0,0,0,0,0,0,111,0,12321,0
2015-10-06,60618,210931,31746,102433,0,0,0,0,0,0,0,0,0,0,0,0,0,112,0,12544,0
2015-10-07,77283,183839,41127,103945,1,0,1,0,1,0,1.2939456284046944e-5,0,2.4314926933644564e-5,0,1.2939456284046944e-5,0,0,113,0,12769,0
2015-10-08,66006,192513,37295,107161,1,0,1,0,0,0,1.5150137866254583e-5,0,2.681324574339724e-5,0,0,0,0,114,0,12996,0
2015-10-09,47370,197945,28099,111533,0,0,0,0,0,0,0,0,0,0,0,0,0,115,0,13225,0
2015-10-10,44083,192714,26417,116052,0,0,0,0,0,0,0,0,0,0,0,0,0,116,0,13456,0
2015-10-11,33678,165772,22730,110711,0,0,0,0,0,0,0,0,0,0,0,0,0,117,0,13689,0
2015-10-12,NA,NA,NA,NA,0,0,0,0,0,0,NA,0,NA,0,NA,NA,0,118,0,13924,0
2015-10-13,36649,94030,24630,58925,0,0,0,0,0,0,0,0,0,0,0,0,0,119,0,14161,0
2015-10-14,412700,534172,203799,240890,0,0,0,0,0,0,0,0,0,0,0,0,0,120,0,14400,0
2015-10-15,85022,218877,50291,121202,0,0,0,0,0,0,0,0,0,0,0,0,0,121,0,14641,0
2015-10-16,69271,190415,44313,106834,0,0,0,0,0,0,0,0,0,0,0,0,0,122,0,14884,0
2015-10-17,62541,203224,36555,113612,0,0,0,0,0,0,0,0,0,0,0,0,0,123,0,15129,0
2015-10-18,45693,242221,26417,115416,2,0,2,0,0,0,4.377038058345917e-5,0,7.570882386342128e-5,0,0,0,0,124,0,15376,0
2015-10-19,63618,248925,37691,124181,1,0,1,0,0,0,1.5718821717124084e-5,0,2.6531532726645617e-5,0,0,0,0,125,0,15625,0
2015-10-20,58734,247694,33478,114797,0,0,0,0,0,0,0,0,0,0,0,0,0,126,0,15876,0
2015-10-21,65567,237197,37212,110276,0,0,0,0,0,0,0,0,0,0,0,0,0,127,0,16129,0
2015-10-22,192301,185379,78059,97174,0,0,0,0,0,0,0,0,0,0,0,0,0,128,0,16384,0
2015-10-23,178263,184628,84174,90075,0,0,0,0,0,0,0,0,0,0,0,0,0,129,0,16641,0
2015-10-24,86317,201288,42564,91738,0,0,0,0,0,0,0,0,0,0,0,0,0,130,0,16900,0
2015-10-25,98574,229268,48638,102767,0,0,0,0,0,0,0,0,0,0,0,0,0,131,0,17161,0
2015-10-26,80132,252163,39614,120535,2,2,2,2,0,0,2.495881795038187e-5,2.495881795038187e-5,5.0487201494421164e-5,5.0487201494421164e-5,0,0,0,132,0,17424,0
2015-10-27,66918,261154,34701,128313,0,0,0,0,0,0,0,0,0,0,0,0,0,133,0,17689,0
2015-10-28,68168,253710,35000,113014,0,0,0,0,0,0,0,0,0,0,0,0,0,134,0,17956,0
2015-10-29,113158,460950,62642,196558,0,0,0,0,0,0,0,0,0,0,0,0,0,135,0,18225,0
2015-10-30,77313,172881,38462,85678,0,0,0,0,0,0,0,0,0,0,0,0,0,136,0,18496,0
2015-10-31,69229,170189,34305,73104,1,0,1,0,1,0,1.4444813589680626e-5,0,2.915026963999417e-5,0,1.4444813589680626e-5,0,0,137,0,18769,0
2015-11-01,46827,151085,23490,73961,0,0,0,0,0,0,0,0,0,0,0,0,0,138,0,19044,0
2015-11-02,41908,153277,20867,79954,0,0,0,0,0,0,0,0,0,0,0,0,0,139,0,19321,0
2015-11-03,52547,97671,26390,54213,1,0,1,0,0,0,1.903058214550783e-5,0,3.7893141341417206e-5,0,0,0,0,140,0,19600,0
2015-11-04,50257,106490,26327,60155,0,0,0,0,0,0,0,0,0,0,0,0,0,141,0,19881,0
2015-11-05,52758,100361,28967,58669,0,0,0,0,0,0,0,0,0,0,0,0,0,142,0,20164,0
2015-11-06,64267,139117,33647,75006,0,0,0,0,0,0,0,0,0,0,0,0,0,143,0,20449,0
2015-11-07,79093,180612,38817,87516,0,0,0,0,0,0,0,0,0,0,0,0,0,144,0,20736,0
2015-11-08,51814,422366,26980,208047,0,0,0,0,0,0,0,0,0,0,0,0,0,145,0,21025,0
2015-11-09,45908,169278,23727,94510,14,0,7,0,4,0,3.0495774157009674e-4,0,2.9502254815189446e-4,0,8.713078330574191e-5,0,0,146,0,21316,0
2015-11-10,54099,210490,28569,104010,2,0,2,0,1,0,3.696926006025989e-5,0,7.000595050579299e-5,0,1.8484630030129946e-5,0,0,147,0,21609,0
2015-11-11,94253,449774,49714,187254,1,1,1,1,0,0,1.0609741864980425e-5,1.0609741864980425e-5,2.0115058132518e-5,2.0115058132518e-5,0,0,0,148,0,21904,0
2015-11-12,60231,214311,30984,97484,1,1,1,1,0,0,1.660274609420398e-5,1.660274609420398e-5,3.2274722437387036e-5,3.2274722437387036e-5,0,0,0,149,0,22201,0
2015-11-13,54809,252564,28484,115006,0,0,0,0,0,0,0,0,0,0,0,0,0,150,0,22500,0
2015-11-14,44742,392484,27298,238555,0,0,0,0,0,0,0,0,0,0,0,0,0,151,0,22801,0
2015-11-15,178006,303520,82979,180618,1,1,1,1,0,0,5.617788164443895e-6,5.617788164443895e-6,1.2051241880475783e-5,1.2051241880475783e-5,0,0,0,152,0,23104,0
2015-11-16,57431,275947,30358,160950,0,0,0,0,0,0,0,0,0,0,0,0,0,153,0,23409,0
2015-11-17,52756,237189,28808,134552,13,1,13,1,8,0,2.464174691030404e-4,1.895518993100311e-5,4.512635379061372e-4,3.471257983893363e-5,1.5164151944802487e-4,0,0,154,0,23716,0
2015-11-18,43715,190421,24580,101961,2,1,2,1,0,0,4.5750886423424456e-5,2.2875443211712228e-5,8.136696501220504e-5,4.068348250610252e-5,0,0,0,155,0,24025,0
2015-11-19,69942,285353,37897,154797,4,1,4,1,2,0,5.719024334448543e-5,1.4297560836121358e-5,1.0554925191967702e-4,2.6387312979919254e-5,2.8595121672242715e-5,0,0,156,0,24336,0
2015-11-20,55031,429277,30778,219914,1,1,1,1,0,0,1.8171576020788284e-5,1.8171576020788284e-5,3.249074013906037e-5,3.249074013906037e-5,0,0,0,157,0,24649,0
2015-11-21,41927,304920,24255,139815,0,0,0,0,0,0,0,0,0,0,0,0,0,158,0,24964,0
2015-11-22,43093,442105,24171,206163,0,0,0,0,0,0,0,0,0,0,0,0,0,159,0,25281,0
2015-11-23,47033,428885,27695,212332,1,1,1,1,0,0,2.12616673399528e-5,2.12616673399528e-5,3.610760064993681e-5,3.610760064993681e-5,0,0,0,160,0,25600,0
2015-11-24,44624,432907,25521,213037,2,2,1,1,0,0,4.4818931516672646e-5,4.4818931516672646e-5,3.918341757768113e-5,3.918341757768113e-5,0,0,0,161,0,25921,0
2015-11-25,37081,316481,20874,163232,0,0,0,0,0,0,0,0,0,0,0,0,0,162,0,26244,0
2015-11-26,29184,328048,17805,178233,0,0,0,0,0,0,0,0,0,0,0,0,0,163,0,26569,0
2015-11-27,25743,333333,15376,183097,0,0,0,0,0,0,0,0,0,0,0,0,0,164,0,26896,0
2015-11-28,25940,300690,14246,163429,0,0,0,0,0,0,0,0,0,0,0,0,0,165,0,27225,0
2015-11-29,29272,301159,17363,159227,0,0,0,0,0,0,0,0,0,0,0,0,0,166,0,27556,0
2015-11-30,40305,318984,22591,155318,0,0,0,0,0,0,0,0,0,0,0,0,0,167,0,27889,0
2015-12-01,67042,340472,39029,172424,0,0,0,0,0,0,0,0,0,0,0,0,0,168,0,28224,0
2015-12-02,55741,382955,34635,202323,0,0,0,0,0,0,0,0,0,0,0,0,0,169,0,28561,0
2015-12-03,49639,296890,30249,154162,1,0,1,0,0,0,2.0145450150083605e-5,0,3.305894409732553e-5,0,0,0,0,170,0,28900,0
2015-12-04,42313,262781,24837,133347,0,0,0,0,0,0,0,0,0,0,0,0,0,171,0,29241,0
2015-12-05,32685,237982,18952,120854,0,0,0,0,0,0,0,0,0,0,0,0,0,172,0,29584,0
2015-12-06,37313,242520,23189,121592,0,0,0,0,0,0,0,0,0,0,0,0,0,173,0,29929,0
2015-12-07,47788,554839,31220,265112,0,0,0,0,0,0,0,0,0,0,0,0,0,174,0,30276,0
2015-12-08,66999,2091885,45765,954468,0,0,0,0,0,0,0,0,0,0,0,0,0,175,0,30625,0
2015-12-09,48833,1190760,32754,596022,0,0,0,0,0,0,0,0,0,0,0,0,0,176,0,30976,0
2015-12-10,23678,437833,15693,236334,0,0,0,0,0,0,0,0,0,0,0,0,0,177,0,31329,0
2015-12-11,41620,697187,26088,356558,0,0,0,0,0,0,0,0,0,0,0,0,0,178,0,31684,0
2015-12-12,41912,646363,24770,308635,0,0,0,0,0,0,0,0,0,0,0,0,0,179,0,32041,0
2015-12-13,11822,82949,7980,50023,0,0,0,0,0,0,0,0,0,0,0,0,0,180,0,32400,0
2015-12-14,19640,194437,13307,106414,0,0,0,0,0,0,0,0,0,0,0,0,0,181,0,32761,0
2015-12-15,37451,408178,22432,200597,0,0,0,0,0,0,0,0,0,0,0,0,0,182,0,33124,0
2015-12-16,89135,1051860,53440,462094,1,0,1,0,0,0,1.1218937566612442e-5,0,1.87125748502994e-5,0,0,0,0,183,0,33489,0
2015-12-17,43464,489593,27913,270223,0,0,0,0,0,0,0,0,0,0,0,0,0,184,0,33856,0
2015-12-18,50560,424944,28357,226797,0,0,0,0,0,0,0,0,0,0,0,0,0,185,0,34225,0
2015-12-19,46753,337834,24278,180405,0,0,0,0,0,0,0,0,0,0,0,0,0,186,0,34596,0
2015-12-20,205013,474816,91734,240602,0,0,0,0,0,0,0,0,0,0,0,0,0,187,0,34969,0
2015-12-21,96250,562504,50423,295356,0,0,0,0,0,0,0,0,0,0,0,0,0,188,0,35344,0
2015-12-22,111979,553568,58486,250685,0,0,0,0,0,0,0,0,0,0,0,0,0,189,0,35721,0
2015-12-23,116350,519080,64540,241018,0,0,0,0,0,0,0,0,0,0,0,0,0,190,0,36100,0
2015-12-24,63533,402364,35943,220786,0,0,0,0,0,0,0,0,0,0,0,0,0,191,0,36481,0
2015-12-25,34242,301156,19634,195399,0,0,0,0,0,0,0,0,0,0,0,0,0,192,0,36864,0
2015-12-26,36440,233990,19782,127681,0,0,0,0,0,0,0,0,0,0,0,0,0,193,0,37249,0
2015-12-27,59742,323137,33125,147718,0,0,0,0,0,0,0,0,0,0,0,0,0,194,0,37636,0
2015-12-28,57844,362366,32074,170906,0,0,0,0,0,0,0,0,0,0,0,0,0,195,0,38025,0
2015-12-29,56190,386689,30476,165676,0,0,0,0,0,0,0,0,0,0,0,0,0,196,0,38416,0
2015-12-30,60236,368243,30792,161834,0,0,0,0,0,0,0,0,0,0,0,0,0,197,0,38809,0
2015-12-31,52232,314072,26330,146909,0,0,0,0,0,0,0,0,0,0,0,0,0,198,0,39204,0
2016-01-01,49066,267981,25119,122025,1,0,1,0,0,0,2.038071169445237e-5,0,3.981050201043035e-5,0,0,0,0,199,0,39601,0
2016-01-02,66504,388894,34622,177916,0,0,0,0,0,0,0,0,0,0,0,0,0,200,0,40000,0
2016-01-03,77290,421729,39690,204573,0,0,0,0,0,0,0,0,0,0,0,0,0,201,0,40401,0
2016-01-04,91584,390760,44881,199882,0,0,0,0,0,0,0,0,0,0,0,0,0,202,0,40804,0
2016-01-05,85776,374369,44407,174083,0,0,0,0,0,0,0,0,0,0,0,0,0,203,0,41209,0
2016-01-06,69791,381273,37043,180452,0,0,0,0,0,0,0,0,0,0,0,0,0,204,0,41616,0
2016-01-07,119621,417553,60888,201682,4,4,4,4,1,1,3.343894466690631e-5,3.343894466690631e-5,6.569438969911969e-5,6.569438969911969e-5,8.359736166726578e-6,8.359736166726578e-6,0,205,0,42025,0
2016-01-08,98954,402035,48300,180511,31,29,31,29,20,20,3.1327687612425976e-4,2.930654647614043e-4,6.418219461697723e-4,6.004140786749482e-4,2.0211411362855468e-4,2.0211411362855468e-4,0,206,0,42436,0
2016-01-09,81013,391462,42150,184644,5,3,5,3,2,2,6.17184896251219e-5,3.7031093775073134e-5,1.1862396204033214e-4,7.117437722419929e-5,2.4687395850048757e-5,2.4687395850048757e-5,0,207,0,42849,0
2016-01-10,77777,365293,39354,163719,84,83,80,79,75,74,0.001080010800108001,0.001067153528678144,0.0020328302078568886,0.0020074198302586777,9.642953572392867e-4,9.514380858094295e-4,0,208,0,43264,0
2016-01-11,87974,335209,48649,153922,13,12,13,12,9,9,1.47770932320913e-4,1.364039375269966e-4,2.6722029229788894e-4,2.4666488519805137e-4,1.0230295314524746e-4,1.0230295314524746e-4,0,209,0,43681,0
2016-01-12,120852,341538,60693,166043,12,11,11,10,7,7,9.92950054612253e-5,9.102042167278986e-5,1.8124001120392797e-4,1.6476364654902543e-4,5.792208651904809e-5,5.792208651904809e-5,0,210,0,44100,0
2016-01-13,111519,477252,60699,224720,9,8,6,5,3,3,8.07037365830038e-5,7.173665474044782e-5,9.884841595413434e-5,8.23736799617786e-5,2.6901245527667932e-5,2.6901245527667932e-5,0,211,0,44521,0
2016-01-14,74902,471393,37971,244201,22,12,18,8,15,6,2.937171237083122e-4,1.6020934020453392e-4,4.7404598246029864e-4,2.106871033156883e-4,2.002616752556674e-4,8.010467010226696e-5,0,212,0,44944,0
2016-01-15,126297,820204,67156,327413,2,1,2,1,1,0,1.5835688892056027e-5,7.917844446028013e-6,2.9781404491035798e-5,1.4890702245517899e-5,7.917844446028013e-6,0,0,213,0,45369,0
2016-01-16,68777,423419,36204,168581,3,2,3,2,0,0,4.36192331738808e-5,2.9079488782587203e-5,8.286377195889956e-5,5.524251463926638e-5,0,0,0,214,0,45796,0
2016-01-17,81627,395437,41853,162304,3,3,3,3,0,0,3.6752545113749126e-5,3.6752545113749126e-5,7.167944950182782e-5,7.167944950182782e-5,0,0,0,215,0,46225,0
2016-01-18,232308,533045,108096,230520,10,5,10,5,4,1,4.3046300600926354e-5,2.1523150300463177e-5,9.251036116044997e-5,4.6255180580224985e-5,1.721852024037054e-5,4.304630060092635e-6,0,216,0,46656,0
2016-01-19,99035,583518,50857,241682,2,1,2,1,0,0,2.0194880597768465e-5,1.0097440298884232e-5,3.9325953162789786e-5,1.9662976581394893e-5,0,0,0,217,0,47089,0
2016-01-20,114639,749649,57591,329863,1,1,1,1,0,0,8.723034918308778e-6,8.723034918308778e-6,1.736382420864371e-5,1.736382420864371e-5,0,0,0,218,0,47524,0
2016-01-21,94678,523714,47608,215179,3,1,3,1,1,0,3.1686347409112994e-5,1.0562115803037664e-5,6.301461939169888e-5,2.1004873130566292e-5,1.0562115803037664e-5,0,0,219,0,47961,0
2016-01-22,111654,693948,53774,241412,0,0,0,0,0,0,0,0,0,0,0,0,0,220,0,48400,0
2016-01-23,82069,568112,42957,212360,3,2,3,2,0,0,3.655460648966114e-5,2.436973765977409e-5,6.983727913960472e-5,4.655818609306981e-5,0,0,0,221,0,48841,0
2016-01-24,76126,571723,39030,239921,0,0,0,0,0,0,0,0,0,0,0,0,0,222,0,49284,0
2016-01-25,82720,493222,41145,196241,11,9,10,8,6,5,1.3297872340425532e-4,0.00010880077369439071,2.4304289707133308e-4,1.9443431765706648e-4,7.25338491295938e-5,6.044487427466151e-5,0,223,0,49729,0
2016-01-26,155078,655848,74514,283348,7,6,7,6,7,6,4.513857542655954e-5,3.86902075084796e-5,9.394207799876533e-5,8.052178114179885e-5,4.513857542655954e-5,3.86902075084796e-5,0,224,0,50176,0
2016-01-27,90626,1206277,49398,380050,7,7,7,7,7,7,7.724052700108136e-5,7.724052700108136e-5,1.4170614194906677e-4,1.4170614194906677e-4,7.724052700108136e-5,7.724052700108136e-5,0,225,0,50625,0
2016-01-28,89106,972633,47716,316497,0,0,0,0,0,0,0,0,0,0,0,0,0,226,0,51076,0
2016-01-29,132017,1083431,70073,371598,1,1,1,1,0,0,7.574782035646924e-6,7.574782035646924e-6,1.427083184678835e-5,1.427083184678835e-5,0,0,0,227,0,51529,0
2016-01-30,149497,535791,75760,204647,2,0,2,0,0,0,1.337819488016482e-5,0,2.6399155227032734e-5,0,0,0,0,228,0,51984,0
2016-01-31,112316,612161,57128,221445,1,1,1,1,0,0,8.903450977598917e-6,8.903450977598917e-6,1.750455118330766e-5,1.750455118330766e-5,0,0,0,229,0,52441,0
2016-02-01,149128,815865,66716,328179,3,0,3,0,1,0,2.0116946515744863e-5,0,4.49667246237784e-5,0,6.705648838581621e-6,0,0,230,0,52900,0
2016-02-02,306104,1227894,167196,504981,11,9,11,9,8,7,3.593549904607584e-5,2.9401771946789326e-5,6.579104763271848e-5,5.382903897222421e-5,2.613490839714607e-5,2.286804484750281e-5,0,231,0,53361,0
2016-02-03,144946,703336,79066,292029,5,3,5,3,2,2,3.449560525988989e-5,2.0697363155933936e-5,6.323830723699188e-5,3.7942984342195126e-5,1.3798242103955957e-5,1.3798242103955957e-5,0,232,0,53824,0
2016-02-04,152553,562287,72146,238487,25,20,25,20,23,19,1.638774720916665e-4,1.311019776733332e-4,3.465195575638289e-4,2.772156460510631e-4,1.507672743243332e-4,1.2454687878966653e-4,0,233,0,54289,0
2016-02-05,232885,412911,103803,169322,5,5,5,5,5,5,2.1469824162140112e-5,2.1469824162140112e-5,4.816816469658873e-5,4.816816469658873e-5,2.1469824162140112e-5,2.1469824162140112e-5,0,234,0,54756,0
2016-02-06,114599,378799,56220,136942,2,0,2,0,0,0,1.7452159268405483e-5,0,3.5574528637495556e-5,0,0,0,0,235,0,55225,0
2016-02-07,120638,773804,64968,228492,120,119,120,119,118,118,9.94711450786651e-4,9.864221886967622e-4,0.001847063169560399,0.001831670976480729,9.781329266068735e-4,9.781329266068735e-4,0,236,0,55696,0
2016-02-08,146842,424446,90191,188230,62,61,62,61,61,61,4.2222252489069887e-4,4.154124841666553e-4,6.874300096461952e-4,6.763424288454502e-4,4.154124841666553e-4,4.154124841666553e-4,0,237,0,56169,0
2016-02-09,145396,592122,67517,206052,4,4,4,4,2,2,2.7511073206965803e-5,2.7511073206965803e-5,5.9244338462905635e-5,5.9244338462905635e-5,1.3755536603482902e-5,1.3755536603482902e-5,0,238,0,56644,0
2016-02-10,207892,1105464,111123,442881,2,2,2,2,2,2,9.620379812595001e-6,9.620379812595001e-6,1.799807420605995e-5,1.799807420605995e-5,9.620379812595001e-6,9.620379812595001e-6,0,239,0,57121,0
2016-02-11,155888,563310,88093,213506,1,1,1,1,1,1,6.414861952170789e-6,6.414861952170789e-6,1.1351639744361073e-5,1.1351639744361073e-5,6.414861952170789e-6,6.414861952170789e-6,0,240,0,57600,0
2016-02-12,255518,546926,109497,191298,6,3,6,3,3,2,2.3481711660235287e-5,1.1740855830117643e-5,5.479602180881668e-5,2.739801090440834e-5,1.1740855830117643e-5,7.82723722007843e-6,0,241,0,58081,0
2016-02-13,122308,504222,58829,165709,2,2,2,2,1,1,1.63521601203519e-5,1.63521601203519e-5,3.3996838294038655e-5,3.3996838294038655e-5,8.17608006017595e-6,8.17608006017595e-6,0,242,0,58564,0
2016-02-14,125171,974519,65362,254541,0,0,0,0,0,0,0,0,0,0,0,0,0,243,0,59049,0
2016-02-15,95163,583446,51066,195026,1,1,1,1,1,1,1.0508285783340164e-5,1.0508285783340164e-5,1.958250107703756e-5,1.958250107703756e-5,1.0508285783340164e-5,1.0508285783340164e-5,0,244,0,59536,0
2016-02-16,142045,688472,66814,231508,19,19,19,19,18,18,1.337604280333697e-4,1.337604280333697e-4,2.8437153889903315e-4,2.8437153889903315e-4,1.2672040550529761e-4,1.2672040550529761e-4,0,245,0,60025,0
2016-02-17,114379,805476,55490,280378,10,10,10,10,10,10,8.742863637555845e-5,8.742863637555845e-5,1.8021265092809516e-4,1.8021265092809516e-4,8.742863637555845e-5,8.742863637555845e-5,0,246,0,60516,0
2016-02-18,107946,954358,50801,339497,2,0,2,0,0,0,1.852778240972338e-5,0,3.9369303753863115e-5,0,0,0,0,247,0,61009,0
2016-02-19,154028,872952,64947,324961,1,0,1,0,0,0,6.492326070584569e-6,0,1.539717000015397e-5,0,0,0,0,248,0,61504,0
2016-02-20,192814,723996,84936,249433,0,0,0,0,0,0,0,0,0,0,0,0,0,249,0,62001,0
2016-02-21,166231,1204879,79691,389624,0,0,0,0,0,0,0,0,0,0,0,0,0,250,0,62500,0
2016-02-22,105032,749822,52175,257645,3,3,3,3,2,2,2.8562723741335975e-5,2.8562723741335975e-5,5.749880210828941e-5,5.749880210828941e-5,1.9041815827557317e-5,1.9041815827557317e-5,0,251,0,63001,0
2016-02-23,114509,848394,55811,267002,2,1,2,1,0,0,1.746587604467771e-5,8.732938022338855e-6,3.583522961423375e-5,1.7917614807116876e-5,0,0,0,252,0,63504,0
2016-02-24,143202,1523475,64849,513507,2,0,2,0,1,0,1.39662853870756e-5,0,3.084087649771007e-5,0,6.9831426935378e-6,0,0,253,0,64009,0
2016-02-25,225710,1304689,78519,470366,2,0,2,0,0,0,8.860927739134288e-6,0,2.5471541919790113e-5,0,0,0,0,254,0,64516,0
2016-02-26,330153,2131201,96845,595252,1,1,1,1,0,0,3.0288987227134086e-6,3.0288987227134086e-6,1.032577830553978e-5,1.032577830553978e-5,0,0,0,255,0,65025,0
2016-02-27,236229,1457424,72907,438159,8,1,8,1,6,0,3.3865444124133786e-5,4.233180515516723e-6,1.0972883262238193e-4,1.3716104077797742e-5,2.5399083093100338e-5,0,0,256,0,65536,0
2016-02-28,304163,1658882,121428,485986,27,0,27,0,26,0,8.876819337000226e-5,0,2.223539875481767e-4,0,8.548048250444662e-5,0,0,257,0,66049,0
2016-02-29,172396,1736970,72034,553829,1,0,1,0,0,0,5.800598621777768e-6,0,1.3882333342588223e-5,0,0,0,0,258,0,66564,0
2016-03-01,247451,2031799,104489,650663,2,1,2,1,0,0,8.082408234357509e-6,4.041204117178754e-6,1.914077079884007e-5,9.570385399420034e-6,0,0,0,259,0,67081,0
2016-03-02,390064,2769369,200617,1167211,3,0,2,0,1,0,7.691045572008696e-6,0,9.969244879546598e-6,0,2.563681857336232e-6,0,0,260,0,67600,0
2016-03-03,211061,2450880,106424,917185,0,0,0,0,0,0,0,0,0,0,0,0,0,261,0,68121,0
2016-03-04,237583,2175389,127226,784150,0,0,0,0,0,0,0,0,0,0,0,0,0,262,0,68644,0
2016-03-05,158425,1619711,63960,559151,0,0,0,0,0,0,0,0,0,0,0,0,0,263,0,69169,0
2016-03-06,196779,1668508,79386,612277,3,2,3,2,0,0,1.5245529248547864e-5,1.0163686165698576e-5,3.779003854583932e-5,2.5193359030559546e-5,0,0,0,264,0,69696,0
2016-03-07,342476,1276710,136527,490329,0,0,0,0,0,0,0,0,0,0,0,0,0,265,0,70225,0
2016-03-08,205844,1345851,87649,445548,3,2,3,2,0,0,1.4574143526165446e-5,9.716095684110296e-6,3.422742986229164e-5,2.2818286574861095e-5,0,0,0,266,0,70756,0
2016-03-09,249971,1615133,112523,524975,2,2,2,2,0,0,8.000928107660488e-6,8.000928107660488e-6,1.7774143952791872e-5,1.7774143952791872e-5,0,0,0,267,0,71289,0
2016-03-10,292726,1515762,110069,571231,4,1,4,1,1,0,1.3664655684838381e-5,3.4161639212095952e-6,3.6340840745350646e-5,9.085210186337661e-6,3.4161639212095952e-6,0,0,268,0,71824,0
2016-03-11,242224,2036152,123877,691548,0,0,0,0,0,0,0,0,0,0,0,0,0,269,0,72361,0
2016-03-12,213630,2951544,102987,919547,0,0,0,0,0,0,0,0,0,0,0,0,0,270,0,72900,0
2016-03-13,178445,2439194,75815,828168,0,0,0,0,0,0,0,0,0,0,0,0,0,271,0,73441,0
2016-03-14,262847,2062040,98008,715123,0,0,0,0,0,0,0,0,0,0,0,0,0,272,0,73984,0
2016-03-15,260851,2164202,112352,706484,5,0,5,0,4,0,1.9168030791524665e-5,0,4.450299060096838e-5,0,1.533442463321973e-5,0,0,273,0,74529,0
2016-03-16,410941,2172261,191890,851533,0,0,0,0,0,0,0,0,0,0,0,0,0,274,0,75076,0
2016-03-17,184182,1548639,92507,583381,2,1,2,1,0,0,1.0858824423667893e-5,5.429412211833947e-6,2.1619985514609706e-5,1.0809992757304853e-5,0,0,0,275,0,75625,0
2016-03-18,203743,1371329,98235,468803,0,0,0,0,0,0,0,0,0,0,0,0,0,276,0,76176,0
2016-03-19,135832,1506794,63874,443071,1,0,1,0,0,0,7.362035455562754e-6,0,1.5655822400350692e-5,0,0,0,0,277,0,76729,0
2016-03-20,119105,1355832,55450,442572,0,0,0,0,0,0,0,0,0,0,0,0,0,278,0,77284,0
2016-03-21,163112,1290048,73652,417805,9,9,9,9,7,7,5.517681102555299e-5,5.517681102555299e-5,1.2219627437136805e-4,1.2219627437136805e-4,4.2915297464319e-5,4.2915297464319e-5,0,279,0,77841,0
2016-03-22,203749,1549476,87879,499457,5,5,5,5,3,3,2.4539997742320207e-5,2.4539997742320207e-5,5.689641438796527e-5,5.689641438796527e-5,1.4723998645392125e-5,1.4723998645392125e-5,0,280,0,78400,0
2016-03-23,225897,1394450,91732,445947,6,6,6,6,3,3,2.6560777699571042e-5,2.6560777699571042e-5,6.540792744080583e-5,6.540792744080583e-5,1.3280388849785521e-5,1.3280388849785521e-5,0,281,0,78961,0
2016-03-24,155320,1294268,76319,443347,2,2,2,2,1,1,1.2876641771825908e-5,1.2876641771825908e-5,2.6205794101075746e-5,2.6205794101075746e-5,6.438320885912954e-6,6.438320885912954e-6,0,282,0,79524,0
2016-03-25,150137,1220682,71971,388594,0,0,0,0,0,0,0,0,0,0,0,0,0,283,0,80089,0
2016-03-26,155759,1034097,72599,337298,0,0,0,0,0,0,0,0,0,0,0,0,0,284,0,80656,0
2016-03-27,143440,883625,69688,307176,0,0,0,0,0,0,0,0,0,0,0,0,0,285,0,81225,0
2016-03-28,172091,1055646,72018,355126,1,0,1,0,0,0,5.810879127903261e-6,0,1.3885417534505263e-5,0,0,0,0,286,0,81796,0
2016-03-29,219417,1770343,81757,436680,2,2,2,2,2,2,9.115064010537014e-6,9.115064010537014e-6,2.446273713565811e-5,2.446273713565811e-5,9.115064010537014e-6,9.115064010537014e-6,0,287,0,82369,0
2016-03-30,238802,2092874,81803,519708,0,0,0,0,0,0,0,0,0,0,0,0,0,288,0,82944,0
2016-03-31,179979,1452789,74138,479074,1,1,1,1,0,0,5.556203779329811e-6,5.556203779329811e-6,1.3488359545712051e-5,1.3488359545712051e-5,0,0,0,289,0,83521,0
2016-04-01,200704,1144900,75673,394497,3,0,3,0,1,0,1.4947385204081632e-5,0,3.964425885058079e-5,0,4.982461734693877e-6,0,0,290,0,84100,0
2016-04-02,171274,1020317,60378,295013,0,0,0,0,0,0,0,0,0,0,0,0,0,291,0,84681,0
2016-04-03,170048,985067,65724,292019,0,0,0,0,0,0,0,0,0,0,0,0,0,292,0,85264,0
2016-04-04,163590,1026207,58896,322133,0,0,0,0,0,0,0,0,0,0,0,0,0,293,0,85849,0
2016-04-05,185389,1147888,67252,345798,1,1,1,1,0,0,5.394063293938691e-6,5.394063293938691e-6,1.486944626182121e-5,1.486944626182121e-5,0,0,0,294,0,86436,0
2016-04-06,236747,1086840,97795,367810,0,0,0,0,0,0,0,0,0,0,0,0,0,295,0,87025,0
2016-04-07,299162,805963,102951,287285,1,0,1,0,0,0,3.3426705263369012e-6,0,9.713358782333343e-6,0,0,0,0,296,0,87616,0
2016-04-08,199340,723420,80148,248179,0,0,0,0,0,0,0,0,0,0,0,0,0,297,0,88209,0
2016-04-09,162729,723037,63994,240267,1,1,1,1,0,0,6.145186168414972e-6,6.145186168414972e-6,1.5626464981091976e-5,1.5626464981091976e-5,0,0,0,298,0,88804,0
2016-04-10,168991,771299,67577,230475,0,0,0,0,0,0,0,0,0,0,0,0,0,299,0,89401,0
2016-04-11,169517,889136,69391,291149,2,2,2,2,0,0,1.1798226726523003e-5,1.1798226726523003e-5,2.882218155092159e-5,2.882218155092159e-5,0,0,0,300,0,90000,0
2016-04-12,209642,883691,88175,293530,1,0,1,0,0,0,4.770036538479885e-6,0,1.1341083073433514e-5,0,0,0,0,301,0,90601,0
2016-04-13,175788,827534,70432,284834,3,0,2,0,1,0,1.7066011331831526e-5,0,2.8396183552930485e-5,0,5.688670443943841e-6,0,0,302,0,91204,0
2016-04-14,185431,762753,70242,243791,1,1,1,1,0,0,5.392841542136967e-6,5.392841542136967e-6,1.4236496682896272e-5,1.4236496682896272e-5,0,0,0,303,0,91809,0
2016-04-15,443544,693293,156763,220756,0,0,0,0,0,0,0,0,0,0,0,0,0,304,0,92416,0
2016-04-16,188226,604217,72187,181226,0,0,0,0,0,0,0,0,0,0,0,0,0,305,0,93025,0
2016-04-17,186923,686273,68514,213119,1,0,1,0,1,0,5.349796440245449e-6,0,1.4595557112414981e-05,0,5.349796440245449e-6,0,0,306,0,93636,0
2016-04-18,213585,715908,85897,269603,6,4,5,3,0,0,2.8091860383453894e-5,1.8727906922302596e-5,5.8209250614107596e-5,3.4925550368464556e-5,0,0,0,307,0,94249,0
2016-04-19,237089,975352,86633,381972,0,0,0,0,0,0,0,0,0,0,0,0,0,308,0,94864,0
2016-04-20,316521,1160259,132420,425174,1,1,1,1,0,0,3.159348036939097e-6,3.159348036939097e-6,7.5517293460202386e-6,7.5517293460202386e-6,0,0,0,309,0,95481,0
2016-04-21,159554,979451,67489,425541,0,0,0,0,0,0,0,0,0,0,0,0,0,310,0,96100,0
2016-04-22,147257,796312,61007,309294,0,0,0,0,0,0,0,0,0,0,0,0,0,311,0,96721,0
2016-04-23,157216,627610,66436,199276,0,0,0,0,0,0,0,0,0,0,0,0,0,312,0,97344,0
2016-04-24,175537,612941,66438,189526,3,2,3,2,0,0,1.7090413986794807e-5,1.139360932452987e-5,4.5154881242662334e-5,3.0103254161774888e-5,0,0,0,313,0,97969,0
2016-04-25,162147,954477,63777,280591,0,0,0,0,0,0,0,0,0,0,0,0,0,314,0,98596,0
2016-04-26,221127,937553,73002,283010,1,0,1,0,0,0,4.5222880968855e-6,0,1.3698254842333086e-5,0,0,0,0,315,0,99225,0
2016-04-27,321812,1507301,127465,435189,0,0,0,0,0,0,0,0,0,0,0,0,0,316,0,99856,0
2016-04-28,149373,1018668,64184,311801,1,0,1,0,0,0,6.694650304941321e-6,0,1.55802069051477e-5,0,0,0,0,317,0,100489,0
2016-04-29,147086,1170288,64102,312900,1,0,1,0,0,0,6.798743592184164e-6,0,1.5600137281208075e-5,0,0,0,0,318,0,101124,0
2016-04-30,128491,868360,51470,238188,49,49,49,49,48,48,3.8134966651360793e-4,3.8134966651360793e-4,9.520108801243443e-4,9.520108801243443e-4,3.735670202582282e-4,3.735670202582282e-4,0,319,0,101761,0
2016-05-01,131189,888475,56578,267233,11,11,11,11,11,11,8.38484933950255e-5,8.38484933950255e-5,1.944218600869596e-4,1.944218600869596e-4,8.38484933950255e-5,8.38484933950255e-5,0,320,0,102400,0
2016-05-02,177165,909034,72120,256772,0,0,0,0,0,0,0,0,0,0,0,0,0,321,0,103041,0
2016-05-03,188323,1105615,71568,295823,0,0,0,0,0,0,0,0,0,0,0,0,0,322,0,103684,0
2016-05-04,344267,1747608,151187,694975,2,2,2,2,1,1,5.8094444137834876e-6,5.8094444137834876e-6,1.3228650611494375e-5,1.3228650611494375e-5,2.9047222068917438e-6,2.9047222068917438e-6,0,323,0,104329,0
2016-05-05,321883,1826917,146877,712717,5,3,5,3,0,0,1.5533594504835608e-5,9.320156702901364e-6,3.404208963963044e-5,2.0425253783778262e-5,0,0,0,324,0,104976,0
2016-05-06,263124,1740565,123877,598157,10,6,10,6,2,2,3.8004895030479924e-5,2.2802937018287956e-5,8.072523551587462e-5,4.843514130952477e-5,7.600979006095985e-6,7.600979006095985e-6,0,325,0,105625,0
2016-05-07,217912,1243146,87358,394118,3,2,3,2,0,0,1.3767025221190205e-5,9.178016814126803e-6,3.4341445545914516e-5,2.2894297030609674e-5,0,0,0,326,0,106276,0
2016-05-08,171340,1069940,68258,329996,0,0,0,0,0,0,0,0,0,0,0,0,0,327,0,106929,0
2016-05-09,196258,1140982,79883,355016,1,0,1,0,0,0,5.095333693403581e-6,0,1.2518308025487276e-5,0,0,0,0,328,0,107584,0
2016-05-10,251644,1296727,97414,424043,1,0,1,0,0,0,3.973867845050945e-6,0,1.0265464922906359e-5,0,0,0,0,329,0,108241,0
2016-05-11,249824,1223178,103807,394372,0,0,0,0,0,0,0,0,0,0,0,0,0,330,0,108900,0
2016-05-12,200692,1124004,80947,355647,2,2,2,2,0,0,9.96551930321089e-6,9.96551930321089e-6,2.4707524676640272e-05,2.4707524676640272e-05,0,0,0,331,0,109561,0
2016-05-13,169755,985083,64348,319597,3,1,3,1,1,0,1.7672528055138288e-5,5.890842685046096e-6,4.662149561757941e-5,1.5540498539193137e-5,5.890842685046096e-6,0,0,332,0,110224,0
2016-05-14,160953,828468,66431,277851,3,3,3,3,2,2,1.863898156604723e-5,1.863898156604723e-5,4.515963932501392e-5,4.515963932501392e-5,1.2425987710698155e-5,1.2425987710698155e-5,0,333,0,110889,0
2016-05-15,159473,847393,61659,270234,2,0,2,0,0,0,1.2541307933004334e-5,0,3.2436465074036234e-5,0,0,0,0,334,0,111556,0
2016-05-16,182344,958839,74660,312663,1,1,1,1,0,0,5.484139867503181e-6,5.484139867503181e-6,1.339405304045004e-5,1.339405304045004e-5,0,0,0,335,0,112225,0
2016-05-17,205737,963547,82667,304410,2,2,2,2,0,0,9.721148845370546e-6,9.721148845370546e-6,2.4193450832859546e-5,2.4193450832859546e-5,0,0,0,336,0,112896,0
2016-05-18,245999,1030872,96848,325715,0,0,0,0,0,0,0,0,0,0,0,0,0,337,0,113569,0
2016-05-19,208939,841551,79190,275773,0,0,0,0,0,0,0,0,0,0,0,0,0,338,0,114244,0
2016-05-20,218605,886227,84645,281634,0,0,0,0,0,0,0,0,0,0,0,0,0,339,0,114921,0
2016-05-21,46941,201101,23249,89580,2,1,2,1,0,0,4.260667646620225e-5,2.1303338233101126e-5,8.602520538517786e-5,4.301260269258893e-5,0,0,0,340,0,115600,0
2016-05-22,207370,779365,83145,258749,1,1,1,1,0,0,4.8222983073732945e-6,4.8222983073732945e-6,1.2027181430031872e-5,1.2027181430031872e-5,0,0,0,341,0,116281,0
2016-05-23,203976,729624,84137,252916,1,1,1,1,0,0,4.90253755343766e-6,4.90253755343766e-6,1.1885377420159977e-5,1.1885377420159977e-5,0,0,0,342,0,116964,0
2016-05-24,227432,828005,89185,283118,2,2,2,2,0,0,8.793837278834993e-6,8.793837278834993e-6,2.2425295733587487e-5,2.2425295733587487e-5,0,0,0,343,0,117649,0
2016-05-25,263272,1109015,104140,336625,0,0,0,0,0,0,0,0,0,0,0,0,0,344,0,118336,0
2016-05-26,245185,1291708,99607,436239,3,3,3,3,0,0,1.2235658788261924e-5,1.2235658788261924e-5,3.0118365175138292e-5,3.0118365175138292e-5,0,0,0,345,0,119025,0
2016-05-27,194313,1036724,79949,352313,1,1,1,1,0,0,5.146336066037785e-6,5.146336066037785e-6,1.250797383331874e-5,1.250797383331874e-5,0,0,0,346,0,119716,0
2016-05-28,161323,866727,67720,303836,21,19,21,19,16,16,1.3017362682320562e-4,1.1777613855432889e-4,3.1010041346721793e-4,2.8056704075605436e-4,9.917990615101381e-5,9.917990615101381e-5,0,347,0,120409,0
2016-05-29,155166,729408,57923,258727,0,0,0,0,0,0,0,0,0,0,0,0,0,348,0,121104,0
2016-05-30,153557,691647,58136,244192,6,6,6,6,2,2,3.907343852771284e-5,3.907343852771284e-5,1.0320627494151644e-4,1.0320627494151644e-4,1.3024479509237612e-5,1.3024479509237612e-5,0,349,0,121801,0
2016-05-31,191507,953651,73831,295824,1,1,1,1,1,1,5.221741241834502e-6,5.221741241834502e-6,1.3544446099876746e-5,1.3544446099876746e-5,5.221741241834502e-6,5.221741241834502e-6,0,350,0,122500,0
2016-06-01,217604,1056385,83716,330063,0,0,0,0,0,0,0,0,0,0,0,0,0,351,0,123201,0
2016-06-02,326464,1231280,118044,367937,0,0,0,0,0,0,0,0,0,0,0,0,0,352,0,123904,0
2016-06-03,294569,1642649,113234,434708,0,0,0,0,0,0,0,0,0,0,0,0,0,353,0,124609,0
2016-06-04,198022,1162209,76404,425606,3,0,3,0,0,0,1.514983183686661e-5,0,3.9264959949740854e-5,0,0,0,0,354,0,125316,0
2016-06-05,221739,958221,79137,337136,2,2,2,2,1,1,9.019613148792048e-6,9.019613148792048e-6,2.5272628479725034e-5,2.5272628479725034e-5,4.509806574396024e-6,4.509806574396024e-6,0,355,0,126025,0
2016-06-06,288153,1032548,110053,341763,6,6,6,6,4,4,2.0822271501598108e-5,2.0822271501598108e-5,5.45191862102805e-5,5.45191862102805e-5,1.3881514334398739e-5,1.3881514334398739e-5,0,356,0,126736,0
2016-06-07,540899,1406111,220889,457208,2,1,2,1,1,1,3.6975479710629894e-6,1.8487739855314947e-6,9.05432140124678e-6,4.52716070062339e-6,1.8487739855314947e-6,1.8487739855314947e-6,0,357,0,127449,0
2016-06-08,910263,1547293,387599,563289,6,4,6,4,0,0,6.591501577016752e-6,4.3943343846778345e-6,1.5479916098854743e-5,1.0319944065903163e-5,0,0,0,358,0,128164,0
2016-06-09,761604,1336306,429460,533884,12,8,10,6,1,1,1.5756219767753322e-5,1.0504146511835548e-5,2.3285055651283005e-5,1.3971033390769805e-5,1.3130183139794435e-6,1.3130183139794435e-6,0,359,0,128881,0
2016-06-10,637154,1304987,341006,506372,3,3,3,3,0,0,4.7084378344952715e-6,4.7084378344952715e-6,8.79749916423758e-6,8.79749916423758e-6,0,0,0,360,0,129600,0
2016-06-11,329422,1074668,176405,390821,2,0,2,0,1,0,6.071239929330767e-6,0,1.1337547121680225e-5,0,3.0356199646653836e-6,0,0,361,0,130321,0
2016-06-12,273672,1349753,130715,571414,8,6,8,6,3,3,2.923207343096846e-5,2.1924055073226343e-5,6.120185135600352e-5,4.590138851700264e-5,1.0962027536613172e-5,1.0962027536613172e-5,0,362,0,131044,0
2016-06-13,300038,1554392,146840,607573,20,10,18,9,7,4,6.665822329171639e-5,3.332911164585819e-5,1.2258240261509126e-4,6.129120130754563e-5,2.3330378152100733e-5,1.3331644658343277e-5,0,363,0,131769,0
2016-06-14,281502,1359289,129937,509144,11,7,10,6,5,4,3.9076098926472994e-5,2.486660840775554e-5,7.69603731038888e-5,4.6176223862333286e-5,1.7761863148396814e-5,1.4209490518717452e-5,0,364,0,132496,0
2016-06-15,252385,1300774,118683,484368,7,3,7,3,0,0,2.773540424351685e-5,1.1886601818650078e-5,5.8980645922330916e-5,2.5277419680998963e-5,0,0,0,365,0,133225,0
2016-06-16,207322,1028462,98343,412542,1,1,1,1,0,0,4.8234147847309984e-6,4.8234147847309984e-6,1.0168491910964685e-5,1.0168491910964685e-5,0,0,0,366,0,133956,0
2016-06-17,169156,795006,87911,333442,1,1,1,1,0,0,5.911702806876493e-6,5.911702806876493e-6,1.1375140767366996e-5,1.1375140767366996e-5,0,0,0,367,0,134689,0
2016-06-18,154974,836200,75533,303115,5,2,5,2,0,0,3.226347645411488e-5,1.2905390581645954e-5,6.619623211046827e-5,2.647849284418731e-5,0,0,0,368,0,135424,0
2016-06-19,147864,833573,66508,341663,1,1,1,1,0,0,6.7629713791051235e-6,6.7629713791051235e-6,1.5035785168701509e-5,1.5035785168701509e-5,0,0,0,369,0,136161,0
2016-06-20,144186,812425,66871,316879,0,0,0,0,0,0,0,0,0,0,0,0,0,370,0,136900,0
2016-06-21,249190,1027652,114358,384258,3,3,3,3,1,1,1.2039006380673382e-5,1.2039006380673382e-5,2.6233407369838577e-5,2.6233407369838577e-5,4.013002126891128e-6,4.013002126891128e-6,0,371,0,137641,0
2016-06-22,201637,799510,83969,300145,1,1,1,1,0,0,4.959407251645284e-6,4.959407251645284e-6,1.1909156950779454e-5,1.1909156950779454e-5,0,0,0,372,0,138384,0
2016-06-23,241468,878059,105279,315339,15,12,15,12,3,3,6.21200324680703e-5,4.969602597445624e-5,1.4247855697717494e-4,1.1398284558173994e-4,1.242400649361406e-5,1.242400649361406e-5,0,373,0,139129,0
2016-06-24,225335,1698958,107602,754884,15,12,14,12,8,8,6.656755497370581e-5,5.325404397896465e-5,1.30109105778703e-4,1.1152209066745971e-4,3.550269598597644e-5,3.550269598597644e-5,0,374,0,139876,0
2016-06-25,162401,960634,71783,419928,2,2,2,2,1,1,1.2315195103478427e-5,1.2315195103478427e-5,2.786174999651728e-5,2.786174999651728e-5,6.1575975517392135e-6,6.1575975517392135e-6,0,375,0,140625,0
2016-06-26,205707,897597,87023,319061,2,2,2,2,0,0,9.722566563121333e-6,9.722566563121333e-6,2.2982429932316742e-5,2.2982429932316742e-5,0,0,0,376,0,141376,0
2016-06-27,269479,877679,109241,334516,1,1,1,1,0,0,3.710864297403508e-6,3.710864297403508e-6,9.154072189013282e-6,9.154072189013282e-6,0,0,0,377,0,142129,0
2016-06-28,314771,862322,124483,299760,5,3,5,3,1,0,1.5884563698688888e-5,9.530738219213334e-6,4.01661271016926e-5,2.409967626101556e-5,3.1769127397377777e-6,0,0,378,0,142884,0
2016-06-29,253744,889623,106838,300886,0,0,0,0,0,0,0,0,0,0,0,0,0,379,0,143641,0
2016-06-30,205369,873779,87549,298395,2,2,2,2,1,1,9.738568138326622e-6,9.738568138326622e-6,2.2844350021131023e-5,2.2844350021131023e-5,4.869284069163311e-6,4.869284069163311e-6,0,380,0,144400,0
2016-07-01,177478,734625,80505,269880,0,0,0,0,0,0,0,0,0,0,0,0,0,381,0,145161,0
2016-07-02,231323,719636,101542,252872,2,0,2,0,0,0,8.645919342218456e-6,0,1.969628331133915e-5,0,0,0,0,382,0,145924,0
2016-07-03,255843,710247,113506,254522,0,0,0,0,0,0,0,0,0,0,0,0,0,383,0,146689,0
2016-07-04,190023,723529,82187,261813,0,0,0,0,0,0,0,0,0,0,0,0,0,384,0,147456,0
2016-07-05,556606,944709,209758,326161,8,8,8,8,6,6,1.4372823864636745e-5,1.4372823864636745e-5,3.813918897014655e-5,3.813918897014655e-5,1.0779617898477558e-5,1.0779617898477558e-5,0,385,0,148225,0
2016-07-06,525551,1196470,203487,379010,36,34,36,34,33,33,6.849953667674498e-5,6.469400686137025e-5,1.7691547863008447e-4,1.670868409284131e-4,6.27912419536829e-5,6.27912419536829e-5,0,386,0,148996,0
2016-07-07,413789,1004989,168622,384422,2,2,2,2,1,1,4.833381264364205e-6,4.833381264364205e-6,1.1860848525103486e-5,1.1860848525103486e-5,2.4166906321821023e-6,2.4166906321821023e-6,0,387,0,149769,0
2016-07-08,287635,849643,139437,409264,0,0,0,0,0,0,0,0,0,0,0,0,0,388,0,150544,0
2016-07-09,208014,542378,93374,236364,0,0,0,0,0,0,0,0,0,0,0,0,0,389,0,151321,0
2016-07-10,175935,553674,77979,221668,1,0,1,0,0,0,5.683917355841646e-6,0,1.282396542658921e-5,0,0,0,0,390,0,152100,0
2016-07-11,173577,587351,78432,213841,1,1,1,1,0,0,5.761131947204987e-6,5.761131947204987e-6,1.2749898000815993e-5,1.2749898000815993e-5,0,0,0,391,0,152881,0
2016-07-12,467473,843979,222585,291942,3,2,2,2,1,1,6.417482934843296e-6,4.278321956562198e-6,8.985331446413729e-6,8.985331446413729e-6,2.139160978281099e-6,2.139160978281099e-6,0,392,0,153664,0
2016-07-13,287019,1117444,142866,341969,1,1,1,1,0,0,3.4840899034558686e-6,3.4840899034558686e-6,6.999566026906332e-6,6.999566026906332e-6,0,0,0,393,0,154449,0
2016-07-14,234515,1211976,116130,384309,1,0,1,0,0,0,4.264119565912628e-6,0,8.611039352449841e-6,0,0,0,0,394,0,155236,0
2016-07-15,223188,1299187,103005,432464,3,3,2,2,0,0,1.3441582880800044e-5,1.3441582880800044e-5,1.9416533178001067e-5,1.9416533178001067e-5,0,0,0,395,0,156025,0
2016-07-16,202769,975303,95058,338703,4,4,4,4,2,2,1.972688132801365e-5,1.972688132801365e-5,4.207957247154369e-5,4.207957247154369e-5,9.863440664006826e-6,9.863440664006826e-6,0,396,0,156816,0
2016-07-17,179838,933704,80914,304508,2,2,2,2,0,0,1.1121120119218407e-5,1.1121120119218407e-5,2.4717601403959758e-5,2.4717601403959758e-5,0,0,0,397,0,157609,0
2016-07-18,210153,1395408,97090,486233,3,2,3,2,0,0,1.4275313700018557e-5,9.516875800012372e-6,3.089916572252549e-5,2.0599443815016995e-5,0,0,0,398,0,158404,0
2016-07-19,322869,3007539,147645,1139367,1,0,1,0,0,0,3.097231384865069e-6,0,6.773002810796166e-6,0,0,0,0,399,0,159201,0
2016-07-20,397911,2213644,176229,869734,1,0,1,0,0,0,2.5131247942379075e-6,0,5.674434968138048e-6,0,0,0,0,400,0,160000,0
2016-07-21,338123,2347290,156900,746079,5,2,4,2,1,0,1.4787518151678532e-5,5.915007260671412e-6,2.5493945188017844e-5,1.2746972594008922e-5,2.957503630335706e-6,0,0,401,0,160801,0
2016-07-22,537184,2557433,228717,853031,2,2,2,2,0,0,3.7231190802406625e-6,3.7231190802406625e-6,8.744430890576564e-6,8.744430890576564e-6,0,0,0,402,0,161604,0
2016-07-23,583843,1534469,235020,520287,2,2,1,1,0,0,3.4255784517413073e-6,3.4255784517413073e-6,4.2549570249340485e-6,4.2549570249340485e-6,0,0,0,403,0,162409,0
2016-07-24,363249,1604725,151372,517493,0,0,0,0,0,0,0,0,0,0,0,0,0,404,0,163216,0
2016-07-25,605686,1784447,228246,588849,5,2,5,2,1,0,8.255102478842173e-6,3.302040991536869e-6,2.190618893649834e-5,8.762475574599336e-6,1.6510204957684345e-6,0,0,405,0,164025,0
2016-07-26,1057953,1886012,483124,704686,14,6,13,5,3,2,1.3233102037614147e-5,5.671329444691778e-6,2.690820576083987e-5,1.0349309908015334e-5,2.835664722345889e-6,1.8904431482305924e-6,0,406,0,164836,0
2016-07-27,1093336,2309142,450073,680564,1,0,1,0,0,0,9.146319155319133e-7,0,2.2218617868656862e-6,0,0,0,0,407,0,165649,0
2016-07-28,830701,2170916,346653,723410,14,14,13,13,11,11,1.6853236001882746e-5,1.6853236001882746e-5,3.750147842366863e-5,3.750147842366863e-5,1.3241828287193587e-5,1.3241828287193587e-5,0,408,0,166464,0
2016-07-29,1412491,2211874,510631,747494,42,42,41,41,41,41,2.9734702734389102e-5,2.9734702734389102e-5,8.029281418480273e-5,8.029281418480273e-5,2.9026733621665555e-5,2.9026733621665555e-5,0,409,0,167281,0
2016-07-30,512752,1720880,223481,530451,11,10,11,10,8,8,2.1452866102911348e-5,1.9502605548101226e-5,4.9221186588569054e-5,4.47465332623355e-5,1.560208443848098e-5,1.560208443848098e-5,0,410,0,168100,0
2016-07-31,379835,2111569,157315,590995,8,7,7,6,5,4,2.1061776824147326e-5,1.842905472112891e-5,4.449671042176525e-5,3.814003750437021e-5,1.316361051509208e-5,1.0530888412073663e-5,0,411,0,168921,0
2016-08-01,495123,2244573,194405,623841,10,8,10,8,7,7,2.019700155314942e-5,1.6157601242519535e-5,5.1439006198400246e-5,4.1151204958720195e-5,1.4137901087204593e-5,1.4137901087204593e-5,0,412,0,169744,0
2016-08-02,476394,2657366,190952,706664,53,52,48,47,49,49,1.1125245070256972e-4,1.0915334785912501e-4,2.513720725627383e-4,2.461351543843479e-4,1.0285603932879088e-4,1.0285603932879088e-4,0,413,0,170569,0
2016-08-03,376720,2446805,159392,679810,67,67,65,65,63,63,1.7785092376300702e-4,1.7785092376300702e-4,4.0779963862678175e-4,4.0779963862678175e-4,1.6723295816521553e-4,1.6723295816521553e-4,0,414,0,171396,0
2016-08-04,339922,2116414,144889,630252,4,1,4,1,3,1,1.1767405463606357e-5,2.9418513659015893e-6,2.760734079191657e-5,6.901835197979142e-6,8.825554097704767e-6,2.9418513659015893e-6,0,415,0,172225,0
2016-08-05,403351,1833405,162485,539106,26,26,24,24,19,19,6.445998646340284e-5,6.445998646340284e-5,1.4770594208696186e-4,1.4770594208696186e-4,4.710537472325592e-5,4.710537472325592e-5,0,416,0,173056,0
2016-08-06,49010,262316,29672,108784,15,15,15,15,13,13,3.060599877576005e-4,3.060599877576005e-4,5.055270962523591e-4,5.055270962523591e-4,2.652519893899204e-4,2.652519893899204e-4,0,417,0,173889,0
2016-08-07,NA,NA,NA,NA,0,0,0,0,0,0,NA,0,NA,0,NA,NA,0,418,0,174724,0
2016-08-08,190462,847198,82909,252672,4,3,4,3,1,1,2.1001564616563933e-5,1.5751173462422952e-5,4.824566693603831e-5,3.618425020202873e-5,5.250391154140983e-6,5.250391154140983e-6,0,419,0,175561,0
2016-08-09,556903,1828537,200226,509497,52,46,48,42,46,43,9.337353183588524e-5,8.259966277789848e-5,2.3972910611009559e-4,2.0976296784633365e-4,8.259966277789848e-5,7.72127282489051e-5,0,420,0,176400,0
2016-08-10,509055,2240571,188211,678105,67,67,62,62,66,66,1.3161642651579887e-4,1.3161642651579887e-4,3.294175154480875e-4,3.294175154480875e-4,1.2965200223944367e-4,1.2965200223944367e-4,0,421,0,177241,0
2016-08-11,440406,2065794,162856,618830,7,7,7,7,7,7,1.5894424689945185e-5,1.5894424689945185e-5,4.2982757773738766e-5,4.2982757773738766e-5,1.5894424689945185e-5,1.5894424689945185e-5,0,422,0,178084,0
2016-08-12,395508,1720399,151163,491696,21,19,20,19,18,18,5.309627112473073e-5,4.80394833985659e-5,1.3230750911267969e-4,1.256921336570457e-4,4.551108953548348e-5,4.551108953548348e-5,0,423,0,178929,0
2016-08-13,297439,1359010,113346,387213,2,2,2,2,1,1,6.72406779205148e-6,6.72406779205148e-6,1.7645086725601257e-5,1.7645086725601257e-5,3.36203389602574e-6,3.36203389602574e-6,0,424,0,179776,0
2016-08-14,241421,1333707,92438,369527,15,15,14,14,13,13,6.213212603708873e-5,6.213212603708873e-5,1.5145286570458037e-4,1.5145286570458037e-4,5.38478425654769e-5,5.38478425654769e-5,0,425,0,180625,0
2016-08-15,314984,1574011,115393,406806,47,46,46,45,36,36,1.4921392832651818e-4,1.4603916389403906e-4,3.986376989938731e-4,3.899716620592237e-4,1.1429151956924796e-4,1.1429151956924796e-4,0,426,0,181476,0
2016-08-16,314017,1352529,113393,385298,24,22,24,22,17,16,7.642898314422468e-5,7.005990121553929e-5,2.1165327665728924e-4,1.9401550360251515e-4,5.413719639382581e-5,5.095265542948312e-5,0,427,0,182329,0
2016-08-17,304933,1817916,118592,432152,13,13,13,13,12,12,4.263231595137292e-5,4.263231595137292e-5,1.0961953588774959e-4,1.0961953588774959e-4,3.935290703203655e-5,3.935290703203655e-5,0,428,0,183184,0
2016-08-18,282987,1410173,114518,450552,13,12,12,11,9,9,4.593850600910996e-5,4.240477477763996e-5,1.0478702038107546e-4,9.605476868265251e-5,3.180358108322997e-5,3.180358108322997e-5,0,429,0,184041,0
2016-08-19,311106,1905231,120035,495622,17,13,14,12,10,10,5.464375486168701e-5,4.1786400776584184e-5,1.1663264881076353e-4,9.997084183779731e-5,3.2143385212757065e-5,3.2143385212757065e-5,0,430,0,184900,0
2016-08-20,247987,1506585,101646,444867,1,1,1,1,0,0,4.032469443962789e-6,4.032469443962789e-6,9.838065442811326e-6,9.838065442811326e-6,0,0,0,431,0,185761,0
2016-08-21,265560,1240567,96612,320434,8,6,8,6,5,5,3.0125018828136767e-5,2.2593764121102576e-5,8.280544859851778e-5,6.210408644888833e-5,1.882813676758548e-5,1.882813676758548e-5,0,432,0,186624,0
2016-08-22,359961,1300564,118720,340558,3,3,3,3,1,1,8.334236208922634e-6,8.334236208922634e-6,2.5269541778975742e-5,2.5269541778975742e-5,2.7780787363075446e-6,2.7780787363075446e-6,0,433,0,187489,0
2016-08-23,409304,1358511,141497,385605,8,5,8,5,4,2,1.9545374587103963e-5,1.2215859116939977e-5,5.6538301165395736e-5,3.5336438228372334e-5,9.772687293551982e-6,4.886343646775991e-6,0,434,0,188356,0
2016-08-24,355383,1287407,128057,366875,7,4,7,4,5,3,1.9697059229057102e-5,1.1255462416604058e-5,5.4663157812536607e-5,3.123609017859235e-5,1.4069328020755073e-5,8.441596812453044e-6,0,435,0,189225,0
2016-08-25,521348,1686582,165414,420327,15,9,14,8,7,7,2.877156908629169e-5,1.7262941451775013e-5,8.463612511637467e-5,4.836350006649981e-5,1.3426732240269454e-5,1.3426732240269454e-5,0,436,0,190096,0
2016-08-26,516942,1408039,165374,362400,46,42,17,13,9,9,8.898483775742733e-5,8.124702577852061e-5,1.0279729582642978e-4,7.86096968084463e-5,1.741007695254013e-5,1.741007695254013e-5,0,437,0,190969,0
2016-08-27,310321,1316304,102590,371258,4,4,4,4,4,4,1.2889878545119408e-5,1.2889878545119408e-5,3.899015498586607e-5,3.899015498586607e-5,1.2889878545119408e-5,1.2889878545119408e-5,0,438,0,191844,0
2016-08-28,258174,1081752,90655,307654,4,3,4,3,3,2,1.5493426913631893e-5,1.1620070185223919e-5,4.412332469251558e-5,3.309249351938669e-5,1.1620070185223919e-5,7.746713456815946e-6,0,439,0,192721,0
2016-08-29,263712,1127843,99616,315855,9,7,9,7,3,2,3.412813978886058e-5,2.6544108724669335e-5,9.034693221972374e-5,7.026983617089624e-5,1.1376046596286858e-5,7.584031064191239e-6,0,440,0,193600,0
2016-08-30,289687,1072682,107681,303622,3,3,3,3,0,0,1.0356004929458346e-5,1.0356004929458346e-5,2.786006816430011e-5,2.786006816430011e-5,0,0,0,441,0,194481,0
2016-08-31,340945,2029280,127793,591116,14,13,13,12,8,8,4.106234143336902e-5,3.812931704527123e-5,1.0172701165165541e-4,9.390185690922037e-5,2.3464195104782297e-5,2.3464195104782297e-5,0,442,0,195364,0
2016-09-01,367125,2325724,141797,628302,16,10,16,10,8,5,4.358188627851549e-5,2.7238678924072183e-5,1.1283736609378196e-4,7.052335380861372e-5,2.1790943139257745e-5,1.3619339462036092e-5,0,443,0,196249,0
2016-09-02,374562,1378901,127950,429951,1,1,1,1,0,0,2.6697849755180717e-6,2.6697849755180717e-6,7.815552950371238e-6,7.815552950371238e-6,0,0,0,444,0,197136,0
2016-09-03,343464,1256376,113638,343100,4,2,4,2,0,0,1.1646053152586589e-5,5.823026576293294e-6,3.5199493127298964e-5,1.7599746563649482e-5,0,0,0,445,0,198025,0
2016-09-04,273948,1184234,96362,342108,10,2,4,2,2,1,3.65032779943639e-5,7.300655598872779e-6,4.151013885141446e-5,2.075506942570723e-5,7.300655598872779e-6,3.6503277994363894e-6,0,446,0,198916,0
2016-09-05,387347,1271959,133046,332161,4,2,4,2,1,1,1.0326658009485035e-5,5.1633290047425175e-6,3.0064789621634624e-5,1.5032394810817312e-5,2.5816645023712587e-6,2.5816645023712587e-6,0,447,0,199809,0
2016-09-06,406655,1411340,146978,367346,0,0,0,0,0,0,0,0,0,0,0,0,0,448,0,200704,0
2016-09-07,336971,1203142,123373,330905,16,13,13,10,10,8,4.7481830780690324e-5,3.857898750931089e-5,1.0537151564767008e-4,8.105501203666928e-5,2.9676144237931456e-5,2.3740915390345162e-5,0,449,0,201601,0
2016-09-08,575546,1851750,181489,445823,28,26,24,22,24,23,4.864945634232537e-5,4.517449517501642e-5,1.3223941946894854e-4,1.2121946784653615e-4,4.169953400770747e-5,3.9962053424052984e-5,0,450,0,202500,0
2016-09-09,439156,1545398,139715,392033,25,24,22,21,22,22,5.692737888130869e-5,5.465028372605634e-5,1.5746340765129013e-4,1.5030598003077693e-4,5.009609341555165e-5,5.009609341555165e-5,0,451,0,203401,0
2016-09-10,494903,1774545,164615,402485,9,5,7,3,1,0,1.818538178188453e-5,1.010298987882474e-5,4.252346383986878e-5,1.822434164565805e-5,2.020597975764948e-6,0,0,452,0,204304,0
2016-09-11,822749,1364977,285661,403263,1,0,1,0,0,0,1.2154375149650744e-6,0,3.5006528717605835e-6,0,0,0,0,453,0,205209,0
2016-09-12,745114,1357073,269587,393427,3,2,3,2,0,0,4.026229543398728e-6,2.6841530289324854e-6,1.1128133033121033e-5,7.418755355414022e-6,0,0,0,454,0,206116,0
2016-09-13,617904,1473038,212644,394882,12,6,10,5,3,1,1.9420492503689893e-5,9.710246251844947e-6,4.7026955851093846e-5,2.3513477925546923e-5,4.855123125922473e-6,1.6183743753074911e-6,0,455,0,207025,0
2016-09-14,586466,1874151,191183,433486,11,5,9,5,3,2,1.875641554668131e-5,8.525643430309686e-6,4.707531527384757e-5,2.6152952929915318e-5,5.115386058185811e-6,3.410257372123874e-6,0,456,0,207936,0
2016-09-15,470689,1980265,159458,482359,9,7,8,7,3,3,1.9120905736059267e-5,1.4871815572490541e-5,5.016995070802343e-5,4.38987068695205e-5,6.373635245353089e-6,6.373635245353089e-6,0,457,0,208849,0
2016-09-16,620437,2555554,180458,614422,15,13,13,11,3,3,2.417650784850033e-5,2.0952973468700288e-5,7.203892318434206e-5,6.095601192521252e-5,4.835301569700066e-6,4.835301569700066e-6,0,458,0,209764,0
2016-09-17,442688,1914912,151185,531753,6,3,6,3,0,0,1.3553563683677896e-5,6.776781841838948e-6,3.968647683301915e-5,1.9843238416509574e-5,0,0,0,459,0,210681,0
2016-09-18,438939,1677042,144490,436734,71,68,69,67,61,61,1.6175368331362673e-4,1.5491902063840307e-4,4.7754169838743165e-4,4.6369991002837566e-4,1.389714743962145e-4,1.389714743962145e-4,0,460,0,211600,0
2016-09-19,553127,1662306,213691,421262,53,51,51,49,42,42,9.581886257586414e-5,9.220305644092586e-5,2.3866236762427992e-4,2.2930305908999444e-4,7.593192883370365e-5,7.593192883370365e-5,0,461,0,212521,0
2016-09-20,545511,1843944,194918,497588,9,8,9,8,1,1,1.6498292426733832e-5,1.4665148823763406e-5,4.617326260273551e-5,4.104290009132045e-5,1.8331436029704258e-6,1.8331436029704258e-6,0,462,0,213444,0
2016-09-21,453381,1661510,159418,464647,2,2,2,2,0,0,4.411300870570226e-6,4.411300870570226e-6,1.2545634746389994e-5,1.2545634746389994e-5,0,0,0,463,0,214369,0
2016-09-22,417484,1560204,167797,469763,6,6,6,6,1,1,1.4371808260915388e-5,1.4371808260915388e-5,3.575749268461295e-5,3.575749268461295e-5,2.3953013768192313e-6,2.3953013768192313e-6,0,464,0,215296,0
2016-09-23,449091,1624488,171946,472493,13,10,12,10,7,6,2.8947362561262638e-5,2.226720197020203e-5,6.978935247112465e-5,5.8157793725937216e-5,1.558704137914142e-5,1.3360321182121219e-5,0,465,0,216225,0
2016-09-24,510313,1516110,171158,464426,26,22,25,22,20,20,5.0949123381140594e-5,4.3110796707118964e-5,1.4606387080942754e-4,1.2853620631229624e-4,3.919163337010815e-5,3.919163337010815e-5,0,466,0,217156,0
2016-09-25,488766,1581315,178696,459685,20,18,18,17,12,12,4.091937655237885e-5,3.6827438897140967e-5,1.0072973093969647e-4,9.513363477637999e-5,2.4551625931427308e-5,2.4551625931427308e-5,0,467,0,218089,0
2016-09-26,568525,1968096,227931,613725,86,82,76,74,74,74,1.512686337452179e-4,1.4423288333846357e-4,3.334342410641817e-4,3.2465965577301904e-4,1.3016138252495494e-4,1.3016138252495494e-4,0,468,0,219024,0
2016-09-27,1793464,3108444,809226,1334988,26,20,22,20,15,15,1.4497084970760495e-5,1.1151603823661919e-5,2.7186472011527063e-5,2.4714974555933695e-5,8.36370286774644e-6,8.36370286774644e-6,0,469,0,219961,0
2016-09-28,715705,2471699,298572,892948,17,7,16,6,3,2,2.375280318008118e-5,9.780566015327543e-6,5.358841418485323e-5,2.0095655319319964e-5,4.19167114942609e-6,2.7944474329507267e-6,0,470,0,220900,0
2016-09-29,583622,2193796,223403,686451,8,2,7,2,2,0,1.3707502458783254e-5,3.4268756146958134e-6,3.1333509397814714e-5,8.952431256518489e-6,3.4268756146958134e-6,0,0,471,0,221841,0
2016-09-30,566077,2442531,199967,654404,49,37,41,36,35,35,8.656066224206247e-5,6.536213271339411e-5,2.0503383058204604e-4,1.8002970490130872e-4,6.182904445861605e-5,6.182904445861605e-5,0,472,0,222784,0
2016-10-01,576888,1963274,188266,555431,6,3,5,3,1,1,1.0400632358447393e-5,5.200316179223697e-6,2.6558167698894117e-5,1.593490061933647e-5,1.733438726407899e-6,1.733438726407899e-6,0,473,0,223729,0
2016-10-02,529601,2478078,175450,660093,4,3,4,3,0,0,7.552855829199718e-6,5.664641871899789e-6,2.2798518096323738e-5,1.7098888572242805e-5,0,0,0,474,0,224676,0
2016-10-03,674745,2236151,228053,615659,36,35,36,35,31,31,5.335348909588067e-5,5.1871447732106204e-5,1.5785804177099184e-4,1.5347309616624207e-4,4.594328227700835e-5,4.594328227700835e-5,0,475,0,225625,0
2016-10-04,609600,1992265,210647,547976,45,41,44,41,37,37,7.381889763779527e-5,6.725721784776902e-5,2.0888025939130395e-4,1.9463842352371503e-4,6.0695538057742784e-5,6.0695538057742784e-5,0,476,0,226576,0
2016-10-05,779426,2193887,270915,615725,27,26,27,26,20,20,3.464087674776053e-5,3.335788131265829e-5,9.966225568905376e-5,9.597106103390362e-5,2.5659908702044837e-5,2.5659908702044837e-5,0,477,0,227529,0
2016-10-06,447640,1718484,162229,493238,8,5,7,5,2,2,1.7871503887052094e-5,1.116968992940756e-5,4.314888213574638e-5,3.08206300969617e-5,4.467875971763024e-6,4.467875971763024e-6,0,478,0,228484,0
2016-10-07,530386,1767111,181725,528236,26,22,24,20,15,15,4.902090175834204e-5,4.147922456475096e-5,1.320676846884028e-4,0.00011005640390700234,2.828128947596656e-5,2.828128947596656e-5,0,479,0,229441,0
2016-10-08,1009247,3088769,289665,958112,61,55,55,53,36,36,6.044110113777896e-5,5.449607479635808e-5,1.8987451021007024e-4,1.829699825660677e-4,3.5670158048525286e-05,3.5670158048525286e-05,0,480,0,230400,0
2016-10-09,775824,2753870,248462,929230,14,13,14,13,6,6,1.8045329868629998e-5,1.6756377735156427e-5,5.634664455731661e-5,5.2321884231793996e-5,7.733712800841428e-6,7.733712800841428e-6,0,481,0,231361,0
2016-10-10,1744600,3209675,608462,1208971,84,84,83,83,75,75,4.814857273873667e-5,4.814857273873667e-5,1.3640950461984479e-4,1.3640950461984479e-4,4.2989797088157744e-5,4.2989797088157744e-5,0,482,0,232324,0
2016-10-11,1123575,2681260,349702,898339,138,136,136,134,129,129,1.2282224150590747e-4,1.2104220902031462e-4,3.8890255131511975e-4,3.831833961487209e-4,1.1481209532073961e-4,1.1481209532073961e-4,0,483,0,233289,0
2016-10-12,984802,2780785,305264,815423,150,145,148,143,137,135,1.5231488157010242e-4,1.47237718851099e-4,4.8482624875517585e-4,4.68446983594528e-4,1.3911425850069353e-4,1.3708339341309217e-4,0,484,0,234256,0
2016-10-13,860032,3046588,290664,776750,78,65,69,64,58,58,9.069429974698615e-5,7.557858312248846e-5,2.3738749896788045e-4,2.2018550628904852e-4,6.743935109391279e-5,6.743935109391279e-5,0,485,0,235225,0
2016-10-14,787665,2568422,254767,733223,45,41,42,38,38,34,5.7130886861800384e-5,5.205258580741813e-5,1.6485651595379307e-4,1.4915589538676516e-4,4.8243860016631436e-5,4.316555896224918e-5,0,486,0,236196,0
2016-10-15,752182,2756108,257885,719826,32,13,21,11,7,5,4.254289520355446e-5,1.7283051176444e-5,8.143164588867131e-5,4.2654671655970684e-5,9.306258325777538e-6,6.647327375555384e-6,0,487,0,237169,0
2016-10-16,847168,2636196,268986,729373,61,53,58,53,50,50,7.200460829493088e-5,6.256138097756289e-5,2.1562460499802963e-4,1.9703627698095812e-4,5.90201707335499e-5,5.90201707335499e-5,0,488,0,238144,0
2016-10-17,863860,2513481,263022,659072,12,6,11,6,4,4,1.3891139768017967e-5,6.945569884008983e-6,4.182159667252169e-5,2.281178000319365e-5,4.6303799226726555e-6,4.6303799226726555e-6,0,489,0,239121,0
2016-10-18,823000,2397491,260401,690350,14,5,13,5,0,0,1.701093560145808e-5,6.075334143377886e-6,4.992300336788261e-5,1.9201155141493312e-5,0,0,0,490,0,240100,0
2016-10-19,715870,912982,246817,362610,289,285,289,285,280,280,4.0370458323438614e-4,3.981169765460209e-4,0.0011709080006644598,0.0011547016615549171,3.911324681855644e-4,3.911324681855644e-4,0,491,0,241081,0
2016-10-20,1507857,1804112,593885,738689,27,25,18,16,11,11,1.7906207286234704e-5,1.6579821561328427e-5,3.0308898187359505e-5,2.694124283320845e-5,7.295121486984508e-6,7.295121486984508e-6,0,492,0,242064,0
2016-10-21,333533,362903,164535,186814,5,5,1,1,0,0,1.4991020378793103e-5,1.4991020378793103e-5,6.077734220682529e-6,6.077734220682529e-6,0,0,0,493,0,243049,0
2016-10-22,206702,324771,94056,156144,2,0,2,0,1,0,9.675765111126163e-6,0,2.1263927872756656e-5,0,4.8378825555630815e-6,0,0,494,0,244036,0
2016-10-23,161652,282877,74800,142570,2,2,2,2,0,0,1.237225645213174e-5,1.237225645213174e-5,2.67379679144385e-5,2.67379679144385e-5,0,0,0,495,0,245025,0
2016-10-24,NA,367928,NA,173105,14,8,14,8,6,6,NA,0,NA,0,NA,NA,0,496,0,246016,0
2016-10-25,299100,505488,122135,220709,4,2,4,2,2,2,1.3373453694416583e-5,6.686726847208292e-6,3.275064477831907e-5,1.6375322389159536e-5,6.686726847208292e-6,6.686726847208292e-6,0,497,0,247009,0
2016-10-26,660574,824544,237244,404091,9,7,9,7,4,4,1.3624514437443799e-5,1.0596844562456288e-5,3.793562745527811e-5,2.9505488020771865e-5,6.055339749975022e-6,6.055339749975022e-6,0,498,0,248004,0
2016-10-27,599688,865188,206422,412061,2,2,2,2,0,0,3.335067568468937e-6,3.335067568468937e-6,9.688889750123533e-6,9.688889750123533e-6,0,0,0,499,0,249001,0
2016-10-28,130641,704275,64111,287266,64,61,60,57,56,56,4.898921471819719e-4,4.66928452782817e-4,9.358768386080392e-4,8.890829966776373e-4,4.286556287842255e-4,4.286556287842255e-4,0,500,0,250000,0
2016-10-29,652940,604992,250238,242221,21,12,18,12,11,8,3.216222011210831e-5,1.837841149263332e-5,7.193152119182539e-5,4.795434746121692e-5,1.6846877201580543e-5,1.2252274328422214e-5,0,501,0,251001,0
2016-10-30,796857,583581,271651,230288,20,12,20,12,10,10,2.509860614890752e-5,1.5059163689344512e-5,7.362387769601437e-5,4.4174326617608625e-5,1.254930307445376e-5,1.254930307445376e-5,0,502,0,252004,0
2016-10-31,1003974,690819,298263,256730,15,10,13,8,5,4,1.4940625952464904e-5,9.96041730164327e-6,4.358569450451447e-5,2.6821965848931984e-5,4.980208650821635e-6,3.984166920657308e-6,0,503,0,253009,0
2016-11-01,923640,970473,296200,340182,58,23,45,23,22,20,6.279502836603005e-5,2.4901476765839506e-5,1.5192437542201217e-4,7.765023632680622e-5,2.3818803862976917e-5,2.1653458057251743e-5,0,504,0,254016,0
2016-11-02,993446,946357,312667,363438,14,11,11,8,7,6,1.4092361336197439e-5,1.1072569621297987e-5,3.518119916716507e-5,2.558632666702914e-5,7.046180668098719e-6,6.039583429798902e-6,0,505,0,255025,0
2016-11-03,229148,895829,99471,371288,11,9,10,8,4,4,4.800391013668022e-5,3.927592647546564e-5,1.0053181329231635e-4,8.042545063385309e-5,1.7455967322429173e-5,1.7455967322429173e-5,0,506,0,256036,0
2016-11-04,NA,818219,NA,332247,3,1,3,1,0,0,NA,0,NA,0,NA,NA,0,507,0,257049,0
2016-11-05,829626,884212,301694,368670,23,5,22,4,1,1,2.772333557530743e-5,6.0268120815885716e-6,7.292156953734578e-5,1.3258467188608325e-5,1.2053624163177142e-6,1.2053624163177142e-6,0,508,0,258064,0
2016-11-06,1112707,1138775,379749,495326,19,7,18,6,10,1,1.707547449598142e-5,6.290964287993156e-6,4.739972982154002e-5,1.579990994051334e-5,8.987091839990222e-6,8.987091839990222e-7,0,509,0,259081,0
2016-11-07,1112854,1209409,417913,553247,6,1,6,1,5,0,5.391542825923256e-6,8.985904709872095e-7,1.4357055176555887e-5,2.392842529425981e-6,4.492952354936047e-6,0,0,510,0,260100,0
2016-11-08,1792938,2295244,876630,1178719,3,1,3,1,2,1,1.6732313108428736e-6,5.577437702809579e-7,3.42219636562746e-6,1.1407321218758199e-6,1.1154875405619158e-6,5.577437702809579e-7,0,511,1,261121,1
2016-11-09,771879,4671252,509515,2724945,10,8,10,8,1,1,1.2955398449757022e-5,1.0364318759805617e-5,1.9626507561112038e-5,1.570120604888963e-5,1.2955398449757022e-6,1.2955398449757022e-6,1,512,2,262144,4
2016-11-10,NA,2984386,NA,1681333,5,3,5,3,1,1,NA,0,NA,0,NA,NA,1,513,3,263169,9
2016-11-11,330502,2102735,211536,1165925,0,0,0,0,0,0,0,0,0,0,0,0,1,514,4,264196,16
2016-11-12,79499,1196972,54988,661597,0,0,0,0,0,0,0,0,0,0,0,0,1,515,5,265225,25
2016-11-13,245789,1172366,148828,588689,0,0,0,0,0,0,0,0,0,0,0,0,1,516,6,266256,36
2016-11-14,208260,1250112,129617,647715,1,1,1,1,0,0,4.801690194948622e-6,4.801690194948622e-6,7.715037379356104e-6,7.715037379356104e-6,0,0,1,517,7,267289,49
2016-11-15,178619,934477,109260,493461,0,0,0,0,0,0,0,0,0,0,0,0,1,518,8,268324,64
2016-11-16,158047,841306,96273,426551,1,1,1,1,0,0,6.327231772827071e-6,6.327231772827071e-6,1.0387128270647014e-5,1.0387128270647014e-5,0,0,1,519,9,269361,81
2016-11-17,230301,703993,123814,363518,0,0,0,0,0,0,0,0,0,0,0,0,1,520,10,270400,100
2016-11-18,128719,857878,76013,428628,0,0,0,0,0,0,0,0,0,0,0,0,1,521,11,271441,121
2016-11-19,93804,826934,58421,439776,0,0,0,0,0,0,0,0,0,0,0,0,1,522,12,272484,144
2016-11-20,102676,753356,64931,375825,0,0,0,0,0,0,0,0,0,0,0,0,1,523,13,273529,169
2016-11-21,118904,615678,73154,312032,1,0,1,0,0,0,8.410146000134562e-6,0,1.3669792492549963e-5,0,0,0,1,524,14,274576,196
2016-11-22,178962,951540,110687,451806,0,0,0,0,0,0,0,0,0,0,0,0,1,525,15,275625,225
2016-11-23,95929,578067,54190,308642,2,0,2,0,0,0,2.0848752723368324e-5,0,3.6907178446207786e-5,0,0,0,1,526,16,276676,256
2016-11-24,109067,580116,72380,330067,0,0,0,0,0,0,0,0,0,0,0,0,1,527,17,277729,289
2016-11-25,108697,388036,69022,217814,4,3,4,3,2,2,3.67995436856583e-5,2.7599657764243722e-5,5.795253687230158e-5,4.346440265422619e-5,1.839977184282915e-5,1.839977184282915e-5,1,528,18,278784,324
2016-11-26,150886,567665,88505,343553,1,1,1,1,0,0,6.627520114523547e-6,6.627520114523547e-6,1.1298796678153776e-5,1.1298796678153776e-5,0,0,1,529,19,279841,361
2016-11-27,221957,825474,119860,404719,0,0,0,0,0,0,0,0,0,0,0,0,1,530,20,280900,400
2016-11-28,154174,730683,87404,386126,0,0,0,0,0,0,0,0,0,0,0,0,1,531,21,281961,441
2016-11-29,55224,843800,39947,435106,0,0,0,0,0,0,0,0,0,0,0,0,1,532,22,283024,484
2016-11-30,72018,699786,47588,352534,0,0,0,0,0,0,0,0,0,0,0,0,1,533,23,284089,529
2016-12-01,77180,539962,48922,293264,5,5,5,5,4,4,6.47836227001814e-5,6.47836227001814e-5,1.0220350762438167e-4,1.0220350762438167e-4,5.1826898160145116e-5,5.1826898160145116e-5,1,534,24,285156,576
2016-12-02,20804,533200,15337,293197,1,0,1,0,0,0,4.806767929244376e-5,0,6.520179956966813e-5,0,0,0,1,535,25,286225,625
2016-12-03,52848,533566,33861,276340,0,0,0,0,0,0,0,0,0,0,0,0,1,536,26,287296,676
2016-12-04,60911,543529,36933,266248,0,0,0,0,0,0,0,0,0,0,0,0,1,537,27,288369,729
2016-12-05,73640,517060,46982,272124,0,0,0,0,0,0,0,0,0,0,0,0,1,538,28,289444,784
2016-12-06,86864,524577,54425,270365,0,0,0,0,0,0,0,0,0,0,0,0,1,539,29,290521,841
2016-12-07,67664,642257,43034,342674,0,0,0,0,0,0,0,0,0,0,0,0,1,540,30,291600,900
2016-12-08,68836,543783,44288,275821,0,0,0,0,0,0,0,0,0,0,0,0,1,541,31,292681,961
2016-12-09,130826,486101,73026,239306,0,0,0,0,0,0,0,0,0,0,0,0,1,542,32,293764,1024
2016-12-10,120596,623114,69874,296453,0,0,0,0,0,0,0,0,0,0,0,0,1,543,33,294849,1089
2016-12-11,27823,490303,19369,248808,0,0,0,0,0,0,0,0,0,0,0,0,1,544,34,295936,1156
2016-12-12,77520,573336,46201,268768,0,0,0,0,0,0,0,0,0,0,0,0,1,545,35,297025,1225
2016-12-13,32481,761593,22586,364581,1,0,1,0,0,0,3.078722945722114e-5,0,4.4275214734791464e-5,0,0,0,1,546,36,298116,1296
2016-12-14,70488,404390,43447,212767,0,0,0,0,0,0,0,0,0,0,0,0,1,547,37,299209,1369
2016-12-15,71003,486287,43296,238677,0,0,0,0,0,0,0,0,0,0,0,0,1,548,38,300304,1444
2016-12-16,8511,438192,6454,224434,0,0,0,0,0,0,0,0,0,0,0,0,1,549,39,301401,1521
2016-12-17,58501,448805,36702,226320,0,0,0,0,0,0,0,0,0,0,0,0,1,550,40,302500,1600
2016-12-18,91166,418458,59695,216636,0,0,0,0,0,0,0,0,0,0,0,0,1,551,41,303601,1681
2016-12-19,20335,491995,14955,254905,0,0,0,0,0,0,0,0,0,0,0,0,1,552,42,304704,1764
2016-12-20,80177,564493,48689,292643,2,0,2,0,0,0,2.494480960874066e-5,0,4.107703998849843e-5,0,0,0,1,553,43,305809,1849
2016-12-21,57875,381082,36676,195680,7,5,7,5,5,4,1.2095032397408207e-4,8.639308855291577e-5,1.9086050823426763e-4,1.3632893445304832e-4,8.639308855291577e-5,6.911447084233261e-5,1,554,44,306916,1936
2016-12-22,21950,439636,16915,226143,3,0,3,0,2,0,1.366742596810934e-4,0,1.7735737511084836e-4,0,9.111617312072893e-5,0,1,555,45,308025,2025
2016-12-23,36399,519427,25262,261696,1,0,1,0,0,0,2.747328223302838e-5,0,3.9585147652600746e-5,0,0,0,1,556,46,309136,2116
2016-12-24,3602,399417,3014,205136,0,0,0,0,0,0,0,0,0,0,0,0,1,557,47,310249,2209
2016-12-25,25120,335678,18540,193518,0,0,0,0,0,0,0,0,0,0,0,0,1,558,48,311364,2304
2016-12-26,45669,278371,33205,155437,1,1,1,1,0,0,2.189669140992796e-5,2.189669140992796e-5,3.0115946393615418e-5,3.0115946393615418e-5,0,0,1,559,49,312481,2401
2016-12-27,9213,445382,7665,233334,0,0,0,0,0,0,0,0,0,0,0,0,1,560,50,313600,2500
2016-12-28,42277,480285,29466,240164,0,0,0,0,0,0,0,0,0,0,0,0,1,561,51,314721,2601
2016-12-29,39190,381098,27139,192264,1,1,1,1,0,0,2.5516713447307987e-5,2.5516713447307987e-5,3.684734146431335e-5,3.684734146431335e-5,0,0,1,562,52,315844,2704
2016-12-30,8535,358326,6582,173280,0,0,0,0,0,0,0,0,0,0,0,0,1,563,53,316969,2809
2016-12-31,NA,450615,NA,254882,0,0,0,0,0,0,NA,0,NA,0,NA,NA,1,564,54,318096,2916
2017-01-01,25910,356292,19067,184156,0,0,0,0,0,0,0,0,0,0,0,0,1,565,55,319225,3025
2017-01-02,30065,422653,20314,198851,0,0,0,0,0,0,0,0,0,0,0,0,1,566,56,320356,3136
2017-01-03,4027,525911,3295,227289,0,0,0,0,0,0,0,0,0,0,0,0,1,567,57,321489,3249
2017-01-04,67781,532092,47788,236668,0,0,0,0,0,0,0,0,0,0,0,0,1,568,58,322624,3364
2017-01-05,37733,593171,26154,252921,0,0,0,0,0,0,0,0,0,0,0,0,1,569,59,323761,3481
2017-01-06,52923,804786,35598,331475,0,0,0,0,0,0,0,0,0,0,0,0,1,570,60,324900,3600
2017-01-07,48686,589871,32713,249738,0,0,0,0,0,0,0,0,0,0,0,0,1,571,61,326041,3721
2017-01-08,55560,113165,36865,60405,0,0,0,0,0,0,0,0,0,0,0,0,1,572,62,327184,3844
2017-01-09,94156,1054506,57375,522022,0,0,0,0,0,0,0,0,0,0,0,0,1,573,63,328329,3969
2017-01-10,36894,484328,24856,261088,0,0,0,0,0,0,0,0,0,0,0,0,1,574,64,329476,4096
2017-01-11,64873,1420745,43071,627330,1,1,1,1,0,0,1.541473340218581e-5,1.541473340218581e-5,2.3217478117526874e-5,2.3217478117526874e-5,0,0,1,575,65,330625,4225
2017-01-12,47441,857347,32818,407042,0,0,0,0,0,0,0,0,0,0,0,0,1,576,66,331776,4356
2017-01-13,60966,759040,39706,344335,1,0,1,0,0,0,1.640258504740347e-5,0,2.518511056263537e-5,0,0,0,1,577,67,332929,4489
2017-01-14,44994,995162,29611,429707,0,0,0,0,0,0,0,0,0,0,0,0,1,578,68,334084,4624
2017-01-15,37905,1165798,25645,492136,1,1,1,1,0,0,2.638174383326738e-5,2.638174383326738e-5,3.899395593682979e-5,3.899395593682979e-5,0,0,1,579,69,335241,4761
2017-01-16,42879,907060,28059,399952,3,3,3,3,3,3,6.996431819771916e-5,6.996431819771916e-5,1.0691756655618518e-4,1.0691756655618518e-4,6.996431819771916e-5,6.996431819771916e-5,1,580,70,336400,4900
2017-01-17,23824,690351,17040,333001,1,0,1,0,0,0,4.1974479516454e-5,0,5.868544600938967e-5,0,0,0,1,581,71,337561,5041
2017-01-18,35729,648635,26733,324775,0,0,0,0,0,0,0,0,0,0,0,0,1,582,72,338724,5184
2017-01-19,63743,998456,45246,498548,0,0,0,0,0,0,0,0,0,0,0,0,1,583,73,339889,5329
2017-01-20,295299,2424616,197061,1278686,0,0,0,0,0,0,0,0,0,0,0,0,1,584,74,341056,5476
2017-01-21,272798,1887030,202562,1037255,2,1,2,1,0,0,7.331432048622058e-6,3.665716024311029e-6,9.873520206159103e-6,4.936760103079551e-6,0,0,1,585,75,342225,5625
2017-01-22,137078,1409899,105165,788060,0,0,0,0,0,0,0,0,0,0,0,0,1,586,76,343396,5776
2017-01-23,99368,1038642,75246,580187,1,1,1,1,0,0,1.0063601964415104e-5,1.0063601964415104e-5,1.3289742976370837e-5,1.3289742976370837e-5,0,0,1,587,77,344569,5929
2017-01-24,44825,961464,32907,511725,0,0,0,0,0,0,0,0,0,0,0,0,1,588,78,345744,6084
2017-01-25,61628,1330697,48175,686153,0,0,0,0,0,0,0,0,0,0,0,0,1,589,79,346921,6241
2017-01-26,47582,1315342,37215,673126,0,0,0,0,0,0,0,0,0,0,0,0,1,590,80,348100,6400
2017-01-27,53779,1128050,38408,590950,1,0,1,0,0,0,1.85946187173432e-5,0,2.603624244948969e-5,0,0,0,1,591,81,349281,6561
2017-01-28,46227,1144279,32913,615971,2,2,2,2,1,1,4.3264758690808404e-5,4.3264758690808404e-5,6.076626257102057e-5,6.076626257102057e-5,2.1632379345404202e-5,2.1632379345404202e-5,1,592,82,350464,6724
2017-01-29,182744,1775985,151922,948987,7,5,7,5,1,1,3.8304951188547914e-5,2.7360679420391366e-5,4.607627598372849e-5,3.291162570266321e-5,5.472135884078273e-6,5.472135884078273e-6,1,593,83,351649,6889
2017-01-30,50226,1508795,39574,773125,2,1,2,1,0,0,3.98200135388046e-5,1.99100067694023e-5,5.05382321726386e-5,2.52691160863193e-5,0,0,1,594,84,352836,7056
2017-01-31,44962,1416690,33413,771121,3,1,3,1,0,0,6.672301054223567e-5,2.2241003514078554e-5,8.978541286325682e-5,2.992847095441894e-5,0,0,1,595,85,354025,7225
2017-02-01,64261,1143254,45815,721332,1,1,1,1,1,1,1.5561538102426044e-5,1.5561538102426044e-5,2.1826912583215105e-5,2.1826912583215105e-5,1.5561538102426044e-5,1.5561538102426044e-5,1,596,86,355216,7396
2017-02-02,44697,1159718,32764,620786,0,0,0,0,0,0,0,0,0,0,0,0,1,597,87,356409,7569
2017-02-03,46731,1024151,35230,548137,0,0,0,0,0,0,0,0,0,0,0,0,1,598,88,357604,7744
2017-02-04,48032,1194258,37640,579365,0,0,0,0,0,0,0,0,0,0,0,0,1,599,89,358801,7921
2017-02-05,27270,960352,19972,513261,0,0,0,0,0,0,0,0,0,0,0,0,1,600,90,360000,8100
2017-02-06,118437,1076244,99699,611354,1,1,1,1,0,0,8.443307412379578e-6,8.443307412379578e-6,1.0030190874532343e-5,1.0030190874532343e-5,0,0,1,601,91,361201,8281
2017-02-07,93905,850942,71983,478373,0,0,0,0,0,0,0,0,0,0,0,0,1,602,92,362404,8464
2017-02-08,116952,1015775,100637,558453,1,1,1,1,0,0,8.550516451193652e-6,8.550516451193652e-6,9.9367032006121e-6,9.9367032006121e-6,0,0,1,603,93,363609,8649
2017-02-09,60715,925036,49520,481097,0,0,0,0,0,0,0,0,0,0,0,0,1,604,94,364816,8836
2017-02-10,208985,889038,167304,494964,0,0,0,0,0,0,0,0,0,0,0,0,1,605,95,366025,9025
2017-02-11,70465,700830,54623,361355,0,0,0,0,0,0,0,0,0,0,0,0,1,606,96,367236,9216
2017-02-12,38435,782330,27643,391603,0,0,0,0,0,0,0,0,0,0,0,0,1,607,97,368449,9409
2017-02-13,38282,601198,27841,332353,0,0,0,0,0,0,0,0,0,0,0,0,1,608,98,369664,9604
2017-02-14,116685,654170,78691,341137,0,0,0,0,0,0,0,0,0,0,0,0,1,609,99,370881,9801
2017-02-15,171761,886108,118091,391807,0,0,0,0,0,0,0,0,0,0,0,0,1,610,100,372100,10000
2017-02-16,99712,1093902,69365,519653,0,0,0,0,0,0,0,0,0,0,0,0,1,611,101,373321,10201
2017-02-17,70930,898379,49114,453487,0,0,0,0,0,0,0,0,0,0,0,0,1,612,102,374544,10404
2017-02-18,47789,790396,34216,403179,0,0,0,0,0,0,0,0,0,0,0,0,1,613,103,375769,10609
2017-02-19,27935,643470,19820,349450,0,0,0,0,0,0,0,0,0,0,0,0,1,614,104,376996,10816
2017-02-20,39877,741587,27391,378755,0,0,0,0,0,0,0,0,0,0,0,0,1,615,105,378225,11025
2017-02-21,70776,551813,55708,294035,2,2,2,2,2,2,2.8258166610150335e-5,2.8258166610150335e-5,3.590148632153371e-5,3.590148632153371e-5,2.8258166610150335e-5,2.8258166610150335e-5,1,616,106,379456,11236
2017-02-22,56866,483008,44727,261082,1,0,1,0,0,0,1.7585200295431366e-5,0,2.2357859905649832e-5,0,0,0,1,617,107,380689,11449
2017-02-23,61068,411845,46999,234270,0,0,0,0,0,0,0,0,0,0,0,0,1,618,108,381924,11664
2017-02-24,52457,609806,39438,311544,1,0,1,0,0,0,1.9063232743008558e-5,0,2.535625538820427e-5,0,0,0,1,619,109,383161,11881
2017-02-25,64958,773681,47547,418699,1,1,1,1,1,1,1.5394562640475384e-5,1.5394562640475384e-5,2.103182114539298e-5,2.103182114539298e-5,1.5394562640475384e-5,1.5394562640475384e-5,1,620,110,384400,12100
2017-02-26,56375,658952,40109,353452,0,0,0,0,0,0,0,0,0,0,0,0,1,621,111,385641,12321
2017-02-27,84132,586511,61794,328788,0,0,0,0,0,0,0,0,0,0,0,0,1,622,112,386884,12544
2017-02-28,48981,518901,31841,271242,0,0,0,0,0,0,0,0,0,0,0,0,1,623,113,388129,12769
2017-03-01,35687,712556,22590,354902,0,0,0,0,0,0,0,0,0,0,0,0,1,624,114,389376,12996
2017-03-02,65707,449258,42389,245186,0,0,0,0,0,0,0,0,0,0,0,0,1,625,115,390625,13225
2017-03-03,120894,741098,71878,317253,0,0,0,0,0,0,0,0,0,0,0,0,1,626,116,391876,13456
2017-03-04,95366,982504,63820,411293,0,0,0,0,0,0,0,0,0,0,0,0,1,627,117,393129,13689
2017-03-05,64732,627926,41859,296197,0,0,0,0,0,0,0,0,0,0,0,0,1,628,118,394384,13924
2017-03-06,54722,561601,33698,270422,0,0,0,0,0,0,0,0,0,0,0,0,1,629,119,395641,14161
2017-03-07,47492,704412,31394,302867,0,0,0,0,0,0,0,0,0,0,0,0,1,630,120,396900,14400
2017-03-08,90324,572084,62470,283807,0,0,0,0,0,0,0,0,0,0,0,0,1,631,121,398161,14641
2017-03-09,74743,442087,52009,218080,0,0,0,0,0,0,0,0,0,0,0,0,1,632,122,399424,14884
2017-03-10,37329,369643,25052,185919,3,3,3,3,3,3,8.036647110825364e-5,8.036647110825364e-5,1.1975091809037202e-4,1.1975091809037202e-4,8.036647110825364e-5,8.036647110825364e-5,1,633,123,400689,15129
2017-03-11,39600,369694,25365,207278,0,0,0,0,0,0,0,0,0,0,0,0,1,634,124,401956,15376
2017-03-12,29399,291612,19701,155616,0,0,0,0,0,0,0,0,0,0,0,0,1,635,125,403225,15625
2017-03-13,33573,399749,22865,210730,0,0,0,0,0,0,0,0,0,0,0,0,1,636,126,404496,15876
2017-03-14,38732,386551,23592,194537,0,0,0,0,0,0,0,0,0,0,0,0,1,637,127,405769,16129
2017-03-15,40509,606170,28557,294321,0,0,0,0,0,0,0,0,0,0,0,0,1,638,128,407044,16384
2017-03-16,34062,604092,21137,301417,0,0,0,0,0,0,0,0,0,0,0,0,1,639,129,408321,16641
2017-03-17,13731,326348,8345,168994,0,0,0,0,0,0,0,0,0,0,0,0,1,640,130,409600,16900
2017-03-18,34020,234255,25151,147033,0,0,0,0,0,0,0,0,0,0,0,0,1,641,131,410881,17161
2017-03-19,72403,426729,44656,226461,0,0,0,0,0,0,0,0,0,0,0,0,1,642,132,412164,17424
2017-03-20,97524,644507,61233,277660,0,0,0,0,0,0,0,0,0,0,0,0,1,643,133,413449,17689
2017-03-21,72244,499752,45436,237681,0,0,0,0,0,0,0,0,0,0,0,0,1,644,134,414736,17956
2017-03-22,48975,505906,29674,219285,1,1,1,1,0,0,2.0418580908626852e-5,2.0418580908626852e-5,3.369953494641774e-5,3.369953494641774e-5,0,0,1,645,135,416025,18225
2017-03-23,64657,668557,42749,285094,0,0,0,0,0,0,0,0,0,0,0,0,1,646,136,417316,18496
2017-03-24,113310,690649,67484,309772,0,0,0,0,0,0,0,0,0,0,0,0,1,647,137,418609,18769
2017-03-25,86619,552473,53549,250285,0,0,0,0,0,0,0,0,0,0,0,0,1,648,138,419904,19044
2017-03-26,65731,476995,38841,206513,0,0,0,0,0,0,0,0,0,0,0,0,1,649,139,421201,19321
2017-03-27,63052,402230,38858,166276,0,0,0,0,0,0,0,0,0,0,0,0,1,650,140,422500,19600
2017-03-28,60698,662080,37547,285509,0,0,0,0,0,0,0,0,0,0,0,0,1,651,141,423801,19881
2017-03-29,139089,519587,82925,239591,0,0,0,0,0,0,0,0,0,0,0,0,1,652,142,425104,20164
2017-03-30,33234,263719,23193,130868,1,0,1,0,0,0,3.0089667208280676e-5,0,4.311645755184754e-5,0,0,0,1,653,143,426409,20449
2017-03-31,125213,492140,69458,203151,0,0,0,0,0,0,0,0,0,0,0,0,1,654,144,427716,20736
2017-04-01,72118,530551,42882,218559,0,0,0,0,0,0,0,0,0,0,0,0,1,655,145,429025,21025
2017-04-02,61504,461879,36618,199733,1,0,1,0,0,0,1.625910509885536e-5,0,2.730897372876727e-5,0,0,0,1,656,146,430336,21316
2017-04-03,159019,542262,103630,236074,1,0,1,0,0,0,6.2885567133487195e-6,0,9.649715333397665e-6,0,0,0,1,657,147,431649,21609
2017-04-04,53727,410680,39975,179243,0,0,0,0,0,0,0,0,0,0,0,0,1,658,148,432964,21904
2017-04-05,43681,366852,31242,158912,0,0,0,0,0,0,0,0,0,0,0,0,1,659,149,434281,22201
2017-04-06,68852,410996,44447,187021,1,0,1,0,0,0,1.4523906349851856e-5,0,2.249870632438635e-5,0,0,0,1,660,150,435600,22500
2017-04-07,160698,782464,104954,453449,5,2,5,2,1,1,3.111426402319879e-5,1.2445705609279519e-5,4.763991844045963e-5,1.905596737618385e-5,6.222852804639759e-6,6.222852804639759e-6,1,661,151,436921,22801
2017-04-08,83056,446071,60312,208719,3,3,3,3,3,3,3.612020805239838e-5,3.612020805239838e-5,4.974134500596896e-5,4.974134500596896e-5,3.612020805239838e-5,3.612020805239838e-5,1,662,152,438244,23104
2017-04-09,48717,352179,34352,160433,4,4,4,4,4,4,8.210686208099841e-5,8.210686208099841e-5,1.1644154634373545e-4,1.1644154634373545e-4,8.210686208099841e-5,8.210686208099841e-5,1,663,153,439569,23409
2017-04-10,42596,302570,31437,142309,3,3,3,3,3,3,7.04291482768335e-5,7.04291482768335e-5,9.542895314438401e-5,9.542895314438401e-5,7.04291482768335e-5,7.04291482768335e-5,1,664,154,440896,23716
2017-04-11,41520,407648,30641,199479,2,1,2,1,2,1,4.816955684007707e-5,2.4084778420038536e-5,6.527202114813485e-5,3.263601057406742e-5,4.816955684007707e-5,2.4084778420038536e-5,1,665,155,442225,24025
2017-04-12,66385,408986,46268,189512,1,1,1,1,1,1,1.506364389545831e-5,1.506364389545831e-5,2.16132099939483e-5,2.16132099939483e-5,1.506364389545831e-5,1.506364389545831e-5,1,666,156,443556,24336
2017-04-13,64519,503396,43150,235755,0,0,0,0,0,0,0,0,0,0,0,0,1,667,157,444889,24649
2017-04-14,36867,380471,26623,181274,0,0,0,0,0,0,0,0,0,0,0,0,1,668,158,446224,24964
2017-04-15,39268,352527,28939,164248,0,0,0,0,0,0,0,0,0,0,0,0,1,669,159,447561,25281
2017-04-16,27362,532622,19723,247776,0,0,0,0,0,0,0,0,0,0,0,0,1,670,160,448900,25600
2017-04-17,27263,507301,19889,216584,1,0,1,0,0,0,3.667974911051608e-5,0,5.027904872039821e-5,0,0,0,1,671,161,450241,25921
2017-04-18,48928,464262,32921,196093,0,0,0,0,0,0,0,0,0,0,0,0,1,672,162,451584,26244
2017-04-19,37184,423598,26877,207823,0,0,0,0,0,0,0,0,0,0,0,0,1,673,163,452929,26569
2017-04-20,35571,375333,26116,196897,1,0,1,0,0,0,2.811278850749206e-5,0,3.8290703017307394e-5,0,0,0,1,674,164,454276,26896
2017-04-21,46403,380145,32209,198059,0,0,0,0,0,0,0,0,0,0,0,0,1,675,165,455625,27225
2017-04-22,49462,426871,35727,202365,0,0,0,0,0,0,0,0,0,0,0,0,1,676,166,456976,27556
2017-04-23,53909,455408,37882,201007,1,0,1,0,1,0,1.8549778330148953e-5,0,2.639776146982736e-5,0,1.8549778330148953e-5,0,1,677,167,458329,27889
2017-04-24,49714,456591,35229,190735,0,0,0,0,0,0,0,0,0,0,0,0,1,678,168,459684,28224
2017-04-25,44271,400257,33602,181255,0,0,0,0,0,0,0,0,0,0,0,0,1,679,169,461041,28561
2017-04-26,25851,411965,19960,186983,0,0,0,0,0,0,0,0,0,0,0,0,1,680,170,462400,28900
2017-04-27,31758,535898,24012,224339,0,0,0,0,0,0,0,0,0,0,0,0,1,681,171,463761,29241
2017-04-28,38382,413030,28305,206119,0,0,0,0,0,0,0,0,0,0,0,0,1,682,172,465124,29584
2017-04-29,39678,399861,30829,193231,0,0,0,0,0,0,0,0,0,0,0,0,1,683,173,466489,29929
2017-04-30,35012,419428,27810,184497,1,0,1,0,1,0,2.8561636010510682e-5,0,3.5958288385472854e-5,0,2.8561636010510682e-5,0,1,684,174,467856,30276
2017-05-01,19816,356715,15281,160726,1,1,1,1,0,0,5.0464271295922484e-5,5.0464271295922484e-5,6.54407434068451e-5,6.54407434068451e-5,0,0,1,685,175,469225,30625
2017-05-02,122963,461386,69188,221345,0,0,0,0,0,0,0,0,0,0,0,0,1,686,176,470596,30976
2017-05-03,328845,407691,172688,196149,0,0,0,0,0,0,0,0,0,0,0,0,1,687,177,471969,31329
2017-05-04,120087,393430,76242,213658,0,0,0,0,0,0,0,0,0,0,0,0,1,688,178,473344,31684
2017-05-05,75910,483865,52767,260866,0,0,0,0,0,0,0,0,0,0,0,0,1,689,179,474721,32041
2017-05-06,62424,284556,39787,142576,0,0,0,0,0,0,0,0,0,0,0,0,1,690,180,476100,32400
2017-05-07,104451,394108,73840,194045,0,0,0,0,0,0,0,0,0,0,0,0,1,691,181,477481,32761
2017-05-08,92841,481860,64077,224564,0,0,0,0,0,0,0,0,0,0,0,0,1,692,182,478864,33124
2017-05-09,99441,444775,63220,227811,1,0,1,0,1,0,1.0056214237588117e-5,0,1.5817779183802594e-5,0,1.0056214237588117e-5,0,1,693,183,480249,33489
2017-05-10,157862,832470,90698,364735,0,0,0,0,0,0,0,0,0,0,0,0,1,694,184,481636,33856
2017-05-11,76006,639651,47357,287165,0,0,0,0,0,0,0,0,0,0,0,0,1,695,185,483025,34225
2017-05-12,74130,765292,46492,315126,0,0,0,0,0,0,0,0,0,0,0,0,1,696,186,484416,34596
2017-05-13,49875,453512,31323,210361,0,0,0,0,0,0,0,0,0,0,0,0,1,697,187,485809,34969
2017-05-14,42989,388815,26052,166512,1,1,1,1,1,1,2.3261764637465398e-5,2.3261764637465398e-5,3.838476892369108e-5,3.838476892369108e-5,2.3261764637465398e-5,2.3261764637465398e-5,1,698,188,487204,35344
2017-05-15,124220,348371,76436,157826,0,0,0,0,0,0,0,0,0,0,0,0,1,699,189,488601,35721
2017-05-16,206242,634106,124588,284820,0,0,0,0,0,0,0,0,0,0,0,0,1,700,190,490000,36100
2017-05-17,88008,575832,53148,286102,1,0,1,0,1,0,1.1362603399690938e-5,0,1.8815383457514865e-5,0,1.1362603399690938e-5,0,1,701,191,491401,36481
2017-05-18,94847,768557,60295,364085,0,0,0,0,0,0,0,0,0,0,0,0,1,702,192,492804,36864
2017-05-19,114118,447548,70685,228929,0,0,0,0,0,0,0,0,0,0,0,0,1,703,193,494209,37249
2017-05-20,90538,488120,62461,255520,0,0,0,0,0,0,0,0,0,0,0,0,1,704,194,495616,37636
2017-05-21,56635,419600,37845,219182,0,0,0,0,0,0,0,0,0,0,0,0,1,705,195,497025,38025
2017-05-22,69379,409515,46123,203475,0,0,0,0,0,0,0,0,0,0,0,0,1,706,196,498436,38416
2017-05-23,73367,421714,56419,227099,0,0,0,0,0,0,0,0,0,0,0,0,1,707,197,499849,38809
2017-05-24,92533,462089,60591,260086,0,0,0,0,0,0,0,0,0,0,0,0,1,708,198,501264,39204
2017-05-25,52898,416608,36366,223809,1,0,1,0,1,0,1.8904306400998148e-5,0,2.749821261617995e-5,0,1.8904306400998148e-5,0,1,709,199,502681,39601
2017-05-26,180253,415560,91322,212752,0,0,0,0,0,0,0,0,0,0,0,0,1,710,200,504100,40000
2017-05-27,212249,393148,115369,186576,0,0,0,0,0,0,0,0,0,0,0,0,1,711,201,505521,40401
2017-05-28,111298,514434,71369,225162,1,1,1,1,0,0,8.984887419360636e-6,8.984887419360636e-6,1.4011685745912091e-5,1.4011685745912091e-5,0,0,1,712,202,506944,40804
2017-05-29,65967,561123,44152,250212,0,0,0,0,0,0,0,0,0,0,0,0,1,713,203,508369,41209
2017-05-30,53277,499356,36375,223871,0,0,0,0,0,0,0,0,0,0,0,0,1,714,204,509796,41616
2017-05-31,6561,930711,5493,492691,0,0,0,0,0,0,0,0,0,0,0,0,1,715,205,511225,42025
2017-06-01,412721,850163,291597,463153,0,0,0,0,0,0,0,0,0,0,0,0,1,716,206,512656,42436
2017-06-02,206802,734941,148571,406427,0,0,0,0,0,0,0,0,0,0,0,0,1,717,207,514089,42849
2017-06-03,84781,415779,59273,218310,0,0,0,0,0,0,0,0,0,0,0,0,1,718,208,515524,43264
2017-06-04,59377,724444,44092,362274,0,0,0,0,0,0,0,0,0,0,0,0,1,719,209,516961,43681
2017-06-05,90636,670302,61827,300999,0,0,0,0,0,0,0,0,0,0,0,0,1,720,210,518400,44100
2017-06-06,67837,850868,46039,388239,0,0,0,0,0,0,0,0,0,0,0,0,1,721,211,519841,44521
2017-06-07,64287,596005,42913,289412,0,0,0,0,0,0,0,0,0,0,0,0,1,722,212,521284,44944
2017-06-08,178731,455955,98210,224284,0,0,0,0,0,0,0,0,0,0,0,0,1,723,213,522729,45369
2017-06-09,79099,603047,50921,279279,1,0,1,0,0,0,1.2642384859479892e-5,0,1.96382631920033e-5,0,0,0,1,724,214,524176,45796
2017-06-10,49158,408035,33910,196855,0,0,0,0,0,0,0,0,0,0,0,0,1,725,215,525625,46225
2017-06-11,47642,575423,31863,267460,0,0,0,0,0,0,0,0,0,0,0,0,1,726,216,527076,46656
2017-06-12,56251,484761,40377,231641,0,0,0,0,0,0,0,0,0,0,0,0,1,727,217,528529,47089
2017-06-13,85864,639301,59437,302593,0,0,0,0,0,0,0,0,0,0,0,0,1,728,218,529984,47524
2017-06-14,102877,526478,66218,297821,0,0,0,0,0,0,0,0,0,0,0,0,1,729,219,531441,47961
2017-06-15,39153,379621,30252,224117,0,0,0,0,0,0,0,0,0,0,0,0,1,730,220,532900,48400
